# Blender 5.2.1 LTS
# www.blender.org
mtllib ms-aw2.mtl
o Cube
v 1.000000 0.250000 -1.000000
v 1.000000 -0.250000 -1.000000
v 1.000000 0.250000 1.000000
v 1.000000 -0.250000 1.000000
v -1.000000 0.250000 -1.000000
v -1.000000 -0.250000 -1.000000
v 0.750000 -0.250000 -1.000000
v 0.500000 -0.250000 -1.000000
v 0.250000 -0.250000 -1.000000
v 0.000000 -0.250000 -1.000000
v -0.250000 -0.250000 -1.000000
v -0.500000 -0.250000 -1.000000
v -0.750000 -0.250000 -1.000000
v 0.750000 0.250000 1.000000
v 0.500000 0.250000 1.000000
v 0.250000 0.250000 1.000000
v 0.000000 0.250000 1.000000
v -0.250000 0.250000 1.000000
v -0.500000 0.250000 1.000000
v -0.750000 0.250000 1.000000
v -0.750000 -0.250000 1.000000
v -0.500000 -0.250000 1.000000
v -0.250000 -0.250000 1.000000
v 0.000000 -0.250000 1.000000
v 0.250000 -0.250000 1.000000
v 0.500000 -0.250000 1.000000
v 0.750000 -0.250000 1.000000
v -0.750000 0.250000 -1.000000
v -0.500000 0.250000 -1.000000
v -0.250000 0.250000 -1.000000
v 0.000000 0.250000 -1.000000
v 0.250000 0.250000 -1.000000
v 0.500000 0.250000 -1.000000
v 0.750000 0.250000 -1.000000
v -1.000000 -0.250000 -0.750000
v -1.000000 -0.250000 -0.500000
v -1.000000 -0.250000 -0.250000
v -1.000000 -0.250000 0.000000
v -1.000000 -0.250000 0.250000
v -1.000000 -0.250000 0.500000
v -1.000000 -0.250000 0.750000
v 1.000000 0.250000 -0.750000
v 1.000000 0.250000 -0.500000
v 1.000000 0.250000 -0.250000
v 1.000000 0.250000 0.000000
v 1.000000 0.250000 0.250000
v 1.000000 0.250000 0.500000
v 1.000000 0.250000 0.750000
v -1.000000 0.250000 0.750000
v -1.000000 0.250000 0.500000
v -1.000000 0.250000 0.250000
v -1.000000 0.250000 0.000000
v -1.000000 0.250000 -0.250000
v -1.000000 0.250000 -0.500000
v -1.000000 0.250000 -0.750000
v 1.000000 -0.250000 0.750000
v 1.000000 -0.250000 0.500000
v 1.000000 -0.250000 0.250000
v 1.000000 -0.250000 0.000000
v 1.000000 -0.250000 -0.250000
v 1.000000 -0.250000 -0.500000
v 1.000000 -0.250000 -0.750000
v -0.750000 -0.250000 -0.750000
v -0.750000 -0.250000 -0.500000
v -0.750000 -0.250000 -0.250000
v -0.750000 -0.250000 0.000000
v -0.750000 -0.250000 0.250000
v -0.750000 -0.250000 0.500000
v -0.750000 -0.250000 0.750000
v -0.500000 -0.250000 -0.750000
v -0.500000 -0.250000 -0.500000
v -0.500000 -0.250000 -0.250000
v -0.500000 -0.250000 0.000000
v -0.500000 -0.250000 0.250000
v -0.500000 -0.250000 0.500000
v -0.500000 -0.250000 0.750000
v -0.250000 -0.250000 -0.750000
v -0.250000 -0.250000 -0.500000
v -0.250000 -0.250000 -0.250000
v -0.250000 -0.250000 0.000000
v -0.250000 -0.250000 0.250000
v -0.250000 -0.250000 0.500000
v -0.250000 -0.250000 0.750000
v 0.000000 -0.250000 -0.750000
v 0.000000 -0.250000 -0.500000
v 0.000000 -0.250000 -0.250000
v 0.000000 -0.250000 0.000000
v 0.000000 -0.250000 0.250000
v 0.000000 -0.250000 0.500000
v 0.000000 -0.250000 0.750000
v 0.250000 -0.250000 -0.750000
v 0.250000 -0.250000 -0.500000
v 0.250000 -0.250000 -0.250000
v 0.250000 -0.250000 0.000000
v 0.250000 -0.250000 0.250000
v 0.250000 -0.250000 0.500000
v 0.250000 -0.250000 0.750000
v 0.500000 -0.250000 -0.750000
v 0.500000 -0.250000 -0.500000
v 0.500000 -0.250000 -0.250000
v 0.500000 -0.250000 0.000000
v 0.500000 -0.250000 0.250000
v 0.500000 -0.250000 0.500000
v 0.500000 -0.250000 0.750000
v 0.750000 -0.250000 -0.750000
v 0.750000 -0.250000 -0.500000
v 0.750000 -0.250000 -0.250000
v 0.750000 -0.250000 0.000000
v 0.750000 -0.250000 0.250000
v 0.750000 -0.250000 0.500000
v 0.750000 -0.250000 0.750000
v 0.750000 0.250000 -0.750000
v 0.750000 0.250000 -0.500000
v 0.750000 0.250000 -0.100000
v 0.750000 0.250000 0.000000
v 0.750000 0.250000 0.100000
v 0.750000 0.250000 0.500000
v 0.750000 0.250000 0.750000
v 0.500000 0.250000 -0.750000
v 0.500000 0.250000 -0.100000
v 0.500000 0.250000 0.000000
v 0.500000 0.250000 0.100000
v 0.500000 0.250000 0.750000
v 0.100000 0.250000 -0.750000
v 0.100000 0.250000 -0.500000
v 0.100000 0.250000 -0.100000
v 0.250000 0.250000 0.000000
v 0.100000 0.250000 0.100000
v 0.100000 0.250000 0.500000
v 0.100000 0.250000 0.750000
v 0.000000 0.250000 -0.750000
v 0.000000 0.250000 -0.500000
v 0.000000 0.250000 -0.250000
v 0.000000 0.250000 0.000000
v 0.000000 0.250000 0.250000
v 0.000000 0.250000 0.500000
v 0.000000 0.250000 0.750000
v -0.100000 0.250000 -0.750000
v -0.100000 0.250000 -0.500000
v -0.100000 0.250000 -0.100000
v -0.250000 0.250000 0.000000
v -0.100000 0.250000 0.100000
v -0.100000 0.250000 0.500000
v -0.100000 0.250000 0.750000
v -0.500000 0.250000 -0.750000
v -0.500000 0.250000 -0.100000
v -0.500000 0.250000 0.000000
v -0.500000 0.250000 0.100000
v -0.500000 0.250000 0.750000
v -0.750000 0.250000 -0.750000
v -0.750000 0.250000 -0.500000
v -0.750000 0.250000 -0.100000
v -0.750000 0.250000 0.000000
v -0.750000 0.250000 0.100000
v -0.750000 0.250000 0.500000
v -0.750000 0.250000 0.750000
v 1.000000 0.000000 -1.000000
v 1.000000 0.000000 1.000000
v -1.000000 0.000000 -1.000000
v -0.750000 0.000000 -1.000000
v -0.500000 0.000000 -1.000000
v -0.250000 0.000000 -1.000000
v 0.000000 0.000000 -1.000000
v 0.250000 0.000000 -1.000000
v 0.500000 0.000000 -1.000000
v 0.750000 0.000000 -1.000000
v 0.750000 0.000000 1.000000
v 0.500000 0.000000 1.000000
v 0.250000 0.000000 1.000000
v 0.000000 0.000000 1.000000
v -0.250000 0.000000 1.000000
v -0.500000 0.000000 1.000000
v -0.750000 0.000000 1.000000
v 1.000000 0.000000 -0.750000
v 1.000000 0.000000 -0.500000
v 1.000000 0.000000 -0.250000
v 1.000000 0.000000 0.000000
v 1.000000 0.000000 0.250000
v 1.000000 0.000000 0.500000
v 1.000000 0.000000 0.750000
v -1.000000 0.000000 0.750000
v -1.000000 0.000000 0.500000
v -1.000000 0.000000 0.250000
v -1.000000 0.000000 0.000000
v -1.000000 0.000000 -0.250000
v -1.000000 0.000000 -0.500000
v -1.000000 0.000000 -0.750000
v 0.679977 3.854318 -0.679486
v 0.691688 3.779348 -0.441280
v 0.710426 3.659397 -0.060149
v 0.719795 3.599422 0.130416
v 0.738533 3.479471 0.511547
v 0.750244 3.404501 0.749754
v 0.441607 3.779870 -0.691198
v 0.472056 3.584949 -0.071860
v 0.481425 3.524974 0.118705
v 0.511874 3.330054 0.738043
v 0.060215 3.660753 -0.709936
v 0.071926 3.585784 -0.471729
v 0.090664 3.465833 -0.090598
v 0.100033 3.405858 0.099967
v 0.118771 3.285907 0.481098
v 0.130482 3.210937 0.719305
v -0.130481 3.601195 -0.719305
v -0.118770 3.526226 -0.481098
v -0.100032 3.406275 -0.099967
v -0.090663 3.346299 0.090598
v -0.071926 3.226348 0.471729
v -0.060214 3.151379 0.709935
v -0.511874 3.482079 -0.738043
v -0.481425 3.287158 -0.118705
v -0.472056 3.227183 0.071860
v -0.441607 3.032262 0.691197
v -0.750244 3.407631 -0.749754
v -0.738533 3.332662 -0.511548
v -0.719795 3.212711 -0.130417
v -0.710426 3.152735 0.060149
v -0.691688 3.032784 0.441279
v -0.679977 2.957815 0.679486
v -0.751383 0.251209 0.799966
v -0.501383 0.251209 0.799966
v -0.681360 2.959024 0.729452
v -0.442989 3.033472 0.741164
v -0.799966 0.251200 0.501383
v -0.741655 3.033984 0.442662
v -0.799966 0.251200 0.751383
v -0.729944 2.959015 0.680869
v -0.855994 0.255501 0.855995
v -0.785971 2.963316 0.785481
v -0.857377 0.256710 0.905961
v -0.787354 2.964525 0.835447
v -0.905961 0.256702 0.857378
v -0.835938 2.964516 0.786864
v -0.868904 1.689704 0.820061
v -0.820319 1.689741 0.868644
v -0.824046 1.545615 0.872397
v -0.872631 1.545585 0.823814
v -0.718617 1.518250 0.766971
v -0.892544 1.546619 0.843727
v -0.888817 1.690738 0.839974
v -0.843959 1.546649 0.892310
v -0.840232 1.690775 0.888557
v -1.084764 1.545547 0.611684
v -1.081037 1.689666 0.607931
v -1.104677 1.546580 0.631597
v -1.100950 1.690699 0.627844
v -0.611913 1.545653 1.084528
v -0.608186 1.689780 1.080775
v -0.631826 1.546687 1.104441
v -0.628099 1.690813 1.100688
v -1.296898 1.545508 0.399553
v -1.293171 1.689627 0.395800
v -1.316810 1.546542 0.419466
v -1.313084 1.690661 0.415713
v -0.399779 1.545692 1.296658
v -0.396052 1.689818 1.292905
v -0.419692 1.546725 1.316571
v -0.415965 1.690852 1.312818
v -0.815856 1.862706 0.864129
v -0.864441 1.862669 0.815547
v -0.835769 1.863739 0.884042
v -0.884354 1.863702 0.835460
v -1.076574 1.862630 0.603416
v -1.096487 1.863664 0.623329
v -0.603723 1.862744 1.076260
v -0.623636 1.863778 1.096173
v -1.288708 1.862592 0.391285
v -1.308621 1.863625 0.411198
v -0.391589 1.862783 1.288391
v -0.411502 1.863816 1.308303
v -1.000000 0.250000 0.895652
v -0.895652 0.250000 1.000000
v -0.895652 -0.250000 1.000000
v -1.000000 -0.250000 0.895652
v -1.000000 0.000000 0.895652
v -0.895652 0.000000 1.000000
vn -1.0000 -0.0000 -0.0000
vn -0.0000 -1.0000 -0.0000
vn 1.0000 -0.0000 -0.0000
vn -0.0000 -0.0000 -1.0000
vn -0.0000 -0.0000 1.0000
vn -0.0000 1.0000 -0.0000
vn 0.0218 0.0145 -0.9997
vn -0.0243 0.0020 0.9997
vn 0.0237 0.0020 -0.9997
vn -0.0267 0.0178 0.9995
vn -0.0282 -0.0205 -0.9994
vn 0.0228 0.0076 -0.9997
vn 0.9996 -0.0118 -0.0258
vn -0.9995 0.0177 0.0267
vn -0.9996 0.0084 0.0253
vn 0.0249 -0.0063 -0.9997
vn 0.9997 -0.0063 -0.0249
vn 0.9997 0.0018 -0.0237
vn -0.9997 0.0031 0.0245
vn -0.0224 -0.0103 0.9997
vn 0.9997 0.0065 -0.0230
vn -0.0244 0.0031 0.9997
vn -0.2978 0.9063 0.2999
vn -0.0253 0.0084 0.9996
vn -0.0231 -0.0059 0.9997
vn 0.0258 -0.0119 -0.9996
vn 0.0235 0.0030 -0.9997
vn 0.9996 0.0184 -0.0212
vn -0.7071 -0.0001 -0.7071
vn -0.9997 -0.0103 0.0224
vn 0.9997 0.0144 -0.0218
vn 0.9997 0.0076 -0.0228
vn 0.0230 0.0066 -0.9997
vn -0.0251 0.0072 0.9997
vn -0.9997 -0.0058 0.0231
vn -0.9997 0.0018 0.0243
vn 0.9997 0.0030 -0.0235
vn 0.0212 0.0185 -0.9996
vn -0.9997 0.0071 0.0251
vn -0.0277 0.0242 0.9993
vn -0.0000 -0.9997 0.0242
vn 0.9994 -0.0204 0.0281
vn -0.2966 0.9545 -0.0313
vn -0.9993 0.0240 0.0277
vn 0.0312 0.9538 0.2987
vn 0.7071 0.0001 0.7071
vn -0.0240 -0.9997 -0.0000
vn -0.9993 0.0251 -0.0283
vn 0.0283 0.0253 0.9993
vn 0.0285 0.9993 -0.0234
vn 0.0232 0.9993 -0.0287
vn -0.0232 -0.9993 0.0286
vn -0.0285 -0.9993 0.0234
vn -0.7066 0.0367 0.7066
vn 0.0234 0.9994 -0.0235
vn -0.0258 -0.9993 0.0260
vn -0.0256 -0.9993 0.0262
vn 0.7066 -0.0367 -0.7066
vn 0.0255 0.9993 -0.0263
vn 0.0258 0.9993 -0.0260
vn -0.7071 -0.0002 -0.7071
vn 0.7071 0.0002 0.7071
vn -0.7071 -0.0000 0.7071
vt 0.500000 0.218750
vt 0.625000 0.218750
vt 0.625000 0.250000
vt 0.500000 0.250000
vt 0.343750 0.718750
vt 0.375000 0.718750
vt 0.375000 0.750000
vt 0.343750 0.750000
vt 0.500000 0.718750
vt 0.625000 0.718750
vt 0.625000 0.750000
vt 0.500000 0.750000
vt 0.500000 0.468750
vt 0.625000 0.468750
vt 0.625000 0.500000
vt 0.500000 0.500000
vt 0.625000 0.281250
vt 0.500000 0.281250
vt 0.625000 0.312500
vt 0.500000 0.312500
vt 0.625000 0.343750
vt 0.500000 0.343750
vt 0.625000 0.375000
vt 0.500000 0.375000
vt 0.625000 0.406250
vt 0.500000 0.406250
vt 0.625000 0.437500
vt 0.500000 0.437500
vt 0.156250 0.718750
vt 0.187500 0.718750
vt 0.187500 0.750000
vt 0.156250 0.750000
vt 0.218750 0.718750
vt 0.218750 0.750000
vt 0.250000 0.718750
vt 0.250000 0.750000
vt 0.281250 0.718750
vt 0.281250 0.750000
vt 0.312500 0.718750
vt 0.312500 0.750000
vt 0.625000 0.781250
vt 0.500000 0.781250
vt 0.625000 0.812500
vt 0.500000 0.812500
vt 0.625000 0.843750
vt 0.500000 0.843750
vt 0.625000 0.875000
vt 0.500000 0.875000
vt 0.625000 0.906250
vt 0.500000 0.906250
vt 0.625000 0.937500
vt 0.500000 0.937500
vt 0.625000 0.968750
vt 0.500000 0.968750
vt 0.656250 0.718750
vt 0.656250 0.750000
vt 0.687500 0.718750
vt 0.687500 0.750000
vt 0.718750 0.718750
vt 0.718750 0.750000
vt 0.750000 0.718750
vt 0.750000 0.750000
vt 0.781250 0.718750
vt 0.781250 0.750000
vt 0.812500 0.718750
vt 0.812500 0.750000
vt 0.843750 0.718750
vt 0.843750 0.750000
vt 0.812500 0.500000
vt 0.843750 0.500000
vt 0.843750 0.531250
vt 0.812500 0.531250
vt 0.687500 0.531250
vt 0.718750 0.531250
vt 0.812500 0.593750
vt 0.843750 0.593750
vt 0.843750 0.625000
vt 0.812500 0.625000
vt 0.843750 0.656250
vt 0.812500 0.656250
vt 0.781250 0.500000
vt 0.781250 0.531250
vt 0.843750 0.687500
vt 0.656250 0.656250
vt 0.687500 0.656250
vt 0.781250 0.593750
vt 0.781250 0.625000
vt 0.781250 0.656250
vt 0.781250 0.687500
vt 0.750000 0.500000
vt 0.750000 0.531250
vt 0.781250 0.562500
vt 0.750000 0.562500
vt 0.750000 0.593750
vt 0.750000 0.625000
vt 0.750000 0.656250
vt 0.750000 0.687500
vt 0.718750 0.500000
vt 0.718750 0.562500
vt 0.718750 0.593750
vt 0.718750 0.625000
vt 0.718750 0.656250
vt 0.718750 0.687500
vt 0.687500 0.500000
vt 0.687500 0.593750
vt 0.687500 0.625000
vt 0.656250 0.687500
vt 0.656250 0.500000
vt 0.656250 0.531250
vt 0.656250 0.593750
vt 0.656250 0.625000
vt 0.625000 0.531250
vt 0.656250 0.562500
vt 0.625000 0.562500
vt 0.625000 0.593750
vt 0.625000 0.625000
vt 0.625000 0.656250
vt 0.625000 0.687500
vt 0.312500 0.500000
vt 0.343750 0.500000
vt 0.343750 0.531250
vt 0.312500 0.531250
vt 0.343750 0.562500
vt 0.312500 0.562500
vt 0.343750 0.593750
vt 0.312500 0.593750
vt 0.343750 0.625000
vt 0.312500 0.625000
vt 0.343750 0.656250
vt 0.312500 0.656250
vt 0.343750 0.687500
vt 0.312500 0.687500
vt 0.281250 0.500000
vt 0.281250 0.531250
vt 0.281250 0.562500
vt 0.281250 0.593750
vt 0.281250 0.625000
vt 0.281250 0.656250
vt 0.281250 0.687500
vt 0.250000 0.500000
vt 0.250000 0.531250
vt 0.250000 0.562500
vt 0.250000 0.593750
vt 0.250000 0.625000
vt 0.250000 0.656250
vt 0.250000 0.687500
vt 0.218750 0.500000
vt 0.218750 0.531250
vt 0.218750 0.562500
vt 0.218750 0.593750
vt 0.218750 0.625000
vt 0.218750 0.656250
vt 0.218750 0.687500
vt 0.187500 0.500000
vt 0.187500 0.531250
vt 0.187500 0.562500
vt 0.187500 0.593750
vt 0.187500 0.625000
vt 0.187500 0.656250
vt 0.187500 0.687500
vt 0.156250 0.500000
vt 0.156250 0.531250
vt 0.156250 0.562500
vt 0.156250 0.593750
vt 0.156250 0.625000
vt 0.156250 0.656250
vt 0.156250 0.687500
vt 0.125000 0.500000
vt 0.125000 0.531250
vt 0.125000 0.562500
vt 0.125000 0.593750
vt 0.125000 0.625000
vt 0.125000 0.656250
vt 0.125000 0.687500
vt 0.125000 0.718750
vt 0.500000 0.531250
vt 0.500000 0.562500
vt 0.500000 0.593750
vt 0.500000 0.625000
vt 0.500000 0.656250
vt 0.500000 0.687500
vt 0.375000 0.500000
vt 0.375000 0.531250
vt 0.375000 0.562500
vt 0.375000 0.593750
vt 0.375000 0.625000
vt 0.375000 0.656250
vt 0.375000 0.687500
vt 0.500000 0.031250
vt 0.625000 0.031250
vt 0.625000 0.062500
vt 0.500000 0.062500
vt 0.625000 0.093750
vt 0.500000 0.093750
vt 0.625000 0.125000
vt 0.500000 0.125000
vt 0.625000 0.156250
vt 0.500000 0.156250
vt 0.625000 0.187500
vt 0.500000 0.187500
vt 0.875000 0.500000
vt 0.875000 0.531250
vt 0.875000 0.562500
vt 0.843750 0.562500
vt 0.875000 0.593750
vt 0.875000 0.625000
vt 0.875000 0.656250
vt 0.875000 0.687500
vt 0.875000 0.718750
vt 0.375000 0.187500
vt 0.375000 0.218750
vt 0.375000 0.156250
vt 0.375000 0.125000
vt 0.375000 0.093750
vt 0.375000 0.062500
vt 0.375000 0.031250
vt 0.375000 0.937500
vt 0.375000 0.968750
vt 0.375000 0.906250
vt 0.375000 0.875000
vt 0.375000 0.843750
vt 0.375000 0.812500
vt 0.375000 0.781250
vt 0.375000 0.437500
vt 0.375000 0.468750
vt 0.375000 0.406250
vt 0.375000 0.375000
vt 0.375000 0.343750
vt 0.375000 0.312500
vt 0.375000 0.281250
vt 0.375000 0.250000
vt 0.000000 0.000000
vt 0.500000 0.000000
vt 0.625000 0.000000
vt 0.625000 0.013043
vt 0.500000 0.013043
vt 0.375000 0.000000
vt 0.375000 0.013043
vt 0.625000 0.986957
vt 0.500000 0.986957
vt 0.875000 0.736957
vt 0.861957 0.750000
vt 0.138043 0.750000
vt 0.125000 0.736957
vt 0.375000 0.986957
s 0
usemtl Material
f 187/1/1 55/2/1 5/3/1 159/4/1
f 111/5/2 56/6/2 4/7/2 27/8/2
f 180/9/3 48/10/3 3/11/3 158/12/3
f 166/13/4 34/14/4 1/15/4 157/16/4
f 159/4/4 5/3/4 28/17/4 160/18/4
f 160/18/4 28/17/4 29/19/4 161/20/4
f 161/20/4 29/19/4 30/21/4 162/22/4
f 162/22/4 30/21/4 31/23/4 163/24/4
f 163/24/4 31/23/4 32/25/4 164/26/4
f 164/26/4 32/25/4 33/27/4 165/28/4
f 165/28/4 33/27/4 34/14/4 166/13/4
f 69/29/2 76/30/2 22/31/2 21/32/2
f 76/30/2 83/33/2 23/34/2 22/31/2
f 83/33/2 90/35/2 24/36/2 23/34/2
f 90/35/2 97/37/2 25/38/2 24/36/2
f 97/37/2 104/39/2 26/40/2 25/38/2
f 104/39/2 111/5/2 27/8/2 26/40/2
f 158/12/5 3/11/5 14/41/5 167/42/5
f 167/42/5 14/41/5 15/43/5 168/44/5
f 168/44/5 15/43/5 16/45/5 169/46/5
f 169/46/5 16/45/5 17/47/5 170/48/5
f 170/48/5 17/47/5 18/49/5 171/50/5
f 171/50/5 18/49/5 19/51/5 172/52/5
f 172/52/5 19/51/5 20/53/5 173/54/5
f 48/10/6 118/55/6 14/56/6 3/11/6
f 118/55/6 123/57/6 15/58/6 14/56/6
f 123/57/6 130/59/6 16/60/6 15/58/6
f 130/59/6 137/61/6 17/62/6 16/60/6
f 137/61/6 144/63/6 18/64/6 17/62/6
f 144/63/6 149/65/6 19/66/6 18/64/6
f 149/65/6 156/67/6 20/68/6 19/66/6
f 29/69/6 28/70/6 150/71/6 145/72/6
f 119/73/7 124/74/7 198/74/7 194/73/7
f 123/57/8 118/55/8 193/55/8 197/57/8
f 146/75/6 152/76/6 153/77/6 147/78/6
f 147/78/6 153/77/6 154/79/6 148/80/6
f 145/72/9 150/71/9 214/71/9 210/72/9
f 149/65/10 144/63/10 209/63/10 213/65/10
f 30/81/6 29/69/6 145/72/6 138/82/6
f 218/83/11 155/83/11 224/83/11 225/83/11
f 116/84/12 122/85/12 196/85/12 191/84/12
f 140/86/6 146/75/6 147/78/6 141/87/6
f 141/87/6 147/78/6 148/80/6 142/88/6
f 144/63/13 143/89/13 208/89/13 209/63/13
f 154/79/14 155/83/14 218/83/14 217/79/14
f 31/90/6 30/81/6 138/82/6 131/91/6
f 131/91/6 138/82/6 139/92/6 132/93/6
f 132/93/6 139/92/6 140/86/6 133/94/6
f 133/94/6 140/86/6 141/87/6 134/95/6
f 134/95/6 141/87/6 142/88/6 135/96/6
f 135/96/6 142/88/6 143/89/6 136/97/6
f 136/97/6 143/89/6 144/63/6 137/61/6
f 32/98/6 31/90/6 131/91/6 124/74/6
f 124/74/6 131/91/6 132/93/6 125/99/6
f 125/99/6 132/93/6 133/94/6 126/100/6
f 126/100/6 133/94/6 134/95/6 127/101/6
f 127/101/6 134/95/6 135/96/6 128/102/6
f 128/102/6 135/96/6 136/97/6 129/103/6
f 129/103/6 136/97/6 137/61/6 130/59/6
f 33/104/6 32/98/6 124/74/6 119/73/6
f 129/103/15 130/59/15 203/59/15 202/103/15
f 142/88/16 148/80/16 212/80/16 207/88/16
f 120/105/6 126/100/6 127/101/6 121/106/6
f 121/106/6 127/101/6 128/102/6 122/85/6
f 143/89/17 142/88/17 207/88/17 208/89/17
f 118/55/18 117/107/18 192/107/18 193/55/18
f 34/108/6 33/104/6 119/73/6 112/109/6
f 128/102/19 129/103/19 202/103/19 201/102/19
f 120/105/20 114/110/20 190/110/20 195/105/20
f 114/110/6 120/105/6 121/106/6 115/111/6
f 115/111/6 121/106/6 122/85/6 116/84/6
f 117/107/21 116/84/21 191/84/21 192/107/21
f 146/75/22 140/86/22 206/86/22 211/75/22
f 1/15/6 34/108/6 112/109/6 42/112/6
f 42/112/6 112/109/6 113/113/6 43/114/6
f 43/114/6 113/113/6 114/110/6 44/115/6
f 44/115/6 114/110/6 115/111/6 45/116/6
f 45/116/6 115/111/6 116/84/6 46/117/6
f 46/117/6 116/84/6 117/107/6 47/118/6
f 47/118/6 117/107/6 118/55/6 48/10/6
f 8/119/2 7/120/2 105/121/2 98/122/2
f 98/122/2 105/121/2 106/123/2 99/124/2
f 99/124/2 106/123/2 107/125/2 100/126/2
f 100/126/2 107/125/2 108/127/2 101/128/2
f 101/128/2 108/127/2 109/129/2 102/130/2
f 102/130/2 109/129/2 110/131/2 103/132/2
f 103/132/2 110/131/2 111/5/2 104/39/2
f 9/133/2 8/119/2 98/122/2 91/134/2
f 91/134/2 98/122/2 99/124/2 92/135/2
f 92/135/2 99/124/2 100/126/2 93/136/2
f 93/136/2 100/126/2 101/128/2 94/137/2
f 94/137/2 101/128/2 102/130/2 95/138/2
f 95/138/2 102/130/2 103/132/2 96/139/2
f 96/139/2 103/132/2 104/39/2 97/37/2
f 10/140/2 9/133/2 91/134/2 84/141/2
f 84/141/2 91/134/2 92/135/2 85/142/2
f 85/142/2 92/135/2 93/136/2 86/143/2
f 86/143/2 93/136/2 94/137/2 87/144/2
f 87/144/2 94/137/2 95/138/2 88/145/2
f 88/145/2 95/138/2 96/139/2 89/146/2
f 89/146/2 96/139/2 97/37/2 90/35/2
f 11/147/2 10/140/2 84/141/2 77/148/2
f 77/148/2 84/141/2 85/142/2 78/149/2
f 78/149/2 85/142/2 86/143/2 79/150/2
f 79/150/2 86/143/2 87/144/2 80/151/2
f 80/151/2 87/144/2 88/145/2 81/152/2
f 81/152/2 88/145/2 89/146/2 82/153/2
f 82/153/2 89/146/2 90/35/2 83/33/2
f 12/154/2 11/147/2 77/148/2 70/155/2
f 70/155/2 77/148/2 78/149/2 71/156/2
f 71/156/2 78/149/2 79/150/2 72/157/2
f 72/157/2 79/150/2 80/151/2 73/158/2
f 73/158/2 80/151/2 81/152/2 74/159/2
f 74/159/2 81/152/2 82/153/2 75/160/2
f 75/160/2 82/153/2 83/33/2 76/30/2
f 13/161/2 12/154/2 70/155/2 63/162/2
f 63/162/2 70/155/2 71/156/2 64/163/2
f 64/163/2 71/156/2 72/157/2 65/164/2
f 65/164/2 72/157/2 73/158/2 66/165/2
f 66/165/2 73/158/2 74/159/2 67/166/2
f 67/166/2 74/159/2 75/160/2 68/167/2
f 68/167/2 75/160/2 76/30/2 69/29/2
f 6/168/2 13/161/2 63/162/2 35/169/2
f 35/169/2 63/162/2 64/163/2 36/170/2
f 36/170/2 64/163/2 65/164/2 37/171/2
f 37/171/2 65/164/2 66/165/2 38/172/2
f 38/172/2 66/165/2 67/166/2 39/173/2
f 39/173/2 67/166/2 68/167/2 40/174/2
f 40/174/2 68/167/2 69/29/2 41/175/2
f 157/16/3 1/15/3 42/112/3 174/176/3
f 174/176/3 42/112/3 43/114/3 175/177/3
f 175/177/3 43/114/3 44/115/3 176/178/3
f 176/178/3 44/115/3 45/116/3 177/179/3
f 177/179/3 45/116/3 46/117/3 178/180/3
f 178/180/3 46/117/3 47/118/3 179/181/3
f 179/181/3 47/118/3 48/10/3 180/9/3
f 7/120/2 2/182/2 62/183/2 105/121/2
f 105/121/2 62/183/2 61/184/2 106/123/2
f 106/123/2 61/184/2 60/185/2 107/125/2
f 107/125/2 60/185/2 59/186/2 108/127/2
f 108/127/2 59/186/2 58/187/2 109/129/2
f 109/129/2 58/187/2 57/188/2 110/131/2
f 110/131/2 57/188/2 56/6/2 111/5/2
f 181/189/1 49/190/1 50/191/1 182/192/1
f 182/192/1 50/191/1 51/193/1 183/194/1
f 183/194/1 51/193/1 52/195/1 184/196/1
f 184/196/1 52/195/1 53/197/1 185/198/1
f 185/198/1 53/197/1 54/199/1 186/200/1
f 186/200/1 54/199/1 55/2/1 187/1/1
f 28/70/6 5/201/6 55/202/6 150/71/6
f 150/71/6 55/202/6 54/203/6 151/204/6
f 151/204/6 54/203/6 53/205/6 152/76/6
f 152/76/6 53/205/6 52/206/6 153/77/6
f 153/77/6 52/206/6 51/207/6 154/79/6
f 154/79/6 51/207/6 50/208/6 155/83/6
f 155/83/6 50/208/6 49/209/6 156/67/6
f 36/210/1 186/200/1 187/1/1 35/211/1
f 37/212/1 185/198/1 186/200/1 36/210/1
f 38/213/1 184/196/1 185/198/1 37/212/1
f 39/214/1 183/194/1 184/196/1 38/213/1
f 40/215/1 182/192/1 183/194/1 39/214/1
f 41/216/1 181/189/1 182/192/1 40/215/1
f 57/188/3 179/181/3 180/9/3 56/6/3
f 58/187/3 178/180/3 179/181/3 57/188/3
f 59/186/3 177/179/3 178/180/3 58/187/3
f 60/185/3 176/178/3 177/179/3 59/186/3
f 61/184/3 175/177/3 176/178/3 60/185/3
f 62/183/3 174/176/3 175/177/3 61/184/3
f 2/182/3 157/16/3 174/176/3 62/183/3
f 22/217/5 172/52/5 173/54/5 21/218/5
f 23/219/5 171/50/5 172/52/5 22/217/5
f 24/220/5 170/48/5 171/50/5 23/219/5
f 25/221/5 169/46/5 170/48/5 24/220/5
f 26/222/5 168/44/5 169/46/5 25/221/5
f 27/223/5 167/42/5 168/44/5 26/222/5
f 4/7/5 158/12/5 167/42/5 27/223/5
f 8/224/4 165/28/4 166/13/4 7/225/4
f 9/226/4 164/26/4 165/28/4 8/224/4
f 10/227/4 163/24/4 164/26/4 9/226/4
f 11/228/4 162/22/4 163/24/4 10/227/4
f 12/229/4 161/20/4 162/22/4 11/228/4
f 13/230/4 160/18/4 161/20/4 12/229/4
f 6/231/4 159/4/4 160/18/4 13/230/4
f 7/225/4 166/13/4 157/16/4 2/182/4
f 56/6/3 180/9/3 158/12/3 4/7/3
f 35/211/1 187/1/1 159/4/1 6/231/1
f 208/89/23 207/88/23 212/80/23 217/79/23 218/83/23 219/67/23 213/65/23 209/63/23
f 205/92/23 204/82/23 210/72/23 214/71/23 215/204/23 216/76/23 211/75/23 206/86/23
f 192/107/23 191/84/23 196/85/23 201/102/23 202/103/23 203/59/23 197/57/23 193/55/23
f 189/113/23 188/109/23 194/73/23 198/74/23 199/99/23 200/100/23 195/105/23 190/110/23
f 152/76/24 146/75/24 211/75/24 216/76/24
f 126/100/25 120/105/25 195/105/25 200/100/25
f 148/80/26 154/79/26 217/79/26 212/80/26
f 122/85/27 128/102/27 201/102/27 196/85/27
f 113/113/28 112/109/28 188/109/28 189/113/28
f 227/67/29 226/67/29 232/67/29 237/67/29 234/67/29 233/67/29
f 124/74/30 125/99/30 199/99/30 198/74/30
f 114/110/31 113/113/31 189/113/31 190/110/31
f 139/92/32 138/82/32 204/82/32 205/92/32
f 138/82/33 145/72/33 210/72/33 204/82/33
f 130/59/34 123/57/34 197/57/34 203/59/34
f 125/99/35 126/100/35 200/100/35 199/99/35
f 150/71/36 151/204/36 215/204/36 214/71/36
f 140/86/37 139/92/37 205/92/37 206/86/37
f 112/109/38 119/73/38 194/73/38 188/109/38
f 151/204/39 152/76/39 216/76/39 215/204/39
f 220/67/40 221/65/40 223/65/40 222/67/40 238/67/40
f 156/67/41 149/65/41 221/65/41 220/67/41
f 149/65/42 213/65/42 223/65/42 221/65/42
f 213/65/43 219/67/43 222/67/43 223/65/43
f 224/83/44 226/67/44 227/67/44 225/83/44
f 219/67/45 218/83/45 225/83/45 227/67/45
f 220/67/46 238/67/46 236/67/46 230/67/46
f 155/83/47 156/67/47 226/67/47 224/83/47
f 229/67/48 228/67/48 230/67/48 236/67/48 235/67/48 231/67/48
f 228/67/49 229/67/49 233/67/49 234/67/49 237/67/49 232/67/49
f 222/67/50 219/67/50 229/67/50 231/67/50
f 219/67/51 227/67/51 233/67/51 229/67/51
f 226/67/52 156/67/52 228/67/52 232/67/52
f 156/67/53 220/67/53 230/67/53 228/67/53
f 232/67/54 230/67/54 236/67/54 237/67/54
f 233/232/55 231/232/55 229/232/55
f 234/67/54 235/67/54 231/67/54 233/67/54
f 236/67/46 238/67/46 222/67/46 231/67/46 235/67/46
f 241/67/56 236/67/56 247/67/56 249/67/56
f 239/67/54 241/67/54 242/67/54 240/67/54
f 254/67/54 246/67/54 264/67/54 268/67/54
f 239/67/54 240/67/54 246/67/54 245/67/54
f 237/67/57 236/67/57 241/67/57 239/67/57
f 246/67/54 240/67/54 262/67/54 264/67/54
f 237/67/56 239/67/56 245/67/56 243/67/56
f 234/67/58 237/67/58 243/67/58 244/67/58
f 242/67/54 250/67/54 266/67/54 261/67/54
f 249/67/56 247/67/56 255/67/56 257/67/56
f 242/67/54 241/67/54 249/67/54 250/67/54
f 236/67/58 235/67/58 248/67/58 247/67/58
f 256/67/58 248/67/58 265/67/58 269/67/58
f 252/67/29 251/67/29 253/67/29 254/67/29
f 244/67/58 243/67/58 251/67/58 252/67/58
f 243/67/56 245/67/56 253/67/56 251/67/56
f 245/67/54 246/67/54 254/67/54 253/67/54
f 255/67/46 256/67/46 258/67/46 257/67/46
f 250/67/54 249/67/54 257/67/54 258/67/54
f 234/67/58 244/67/58 263/67/58 260/67/58
f 247/67/58 248/67/58 256/67/58 255/67/58
f 259/67/59 260/67/59 262/67/59 261/67/59
f 264/67/60 263/67/60 267/67/60 268/67/60
f 262/67/60 260/67/60 263/67/60 264/67/60
f 259/67/60 261/67/60 266/67/60 265/67/60
f 265/67/60 266/67/60 270/67/60 269/67/60
f 240/67/54 242/67/54 261/67/54 262/67/54
f 252/67/61 254/67/61 268/67/61 267/67/61
f 248/67/58 235/67/58 259/67/58 265/67/58
f 258/67/62 256/67/62 269/67/62 270/67/62
f 250/67/54 258/67/54 270/67/54 266/67/54
f 235/67/58 234/67/58 260/67/58 259/67/58
f 244/67/58 252/67/58 267/67/58 263/67/58
f 276/233/63 272/234/63 271/235/63 275/236/63
f 273/237/63 276/233/63 275/236/63 274/238/63
f 275/236/1 271/235/1 49/190/1 181/189/1
f 173/54/5 20/53/5 272/239/5 276/240/5
f 156/67/6 49/209/6 271/241/6 272/242/6 20/68/6
f 274/238/1 275/236/1 181/189/1 41/216/1
f 41/175/2 69/29/2 21/32/2 273/243/2 274/244/2
f 21/218/5 173/54/5 276/240/5 273/245/5
o Text
v -0.496568 1.660167 1.259651
v -0.493347 1.664027 1.262884
v -0.490216 1.666754 1.266029
v -0.487155 1.668372 1.269102
v -0.484148 1.668906 1.272122
v -0.480283 1.668238 1.276003
v -0.476835 1.666256 1.279464
v -0.473868 1.662997 1.282444
v -0.471443 1.658496 1.284879
v -0.468514 1.662509 1.287820
v -0.465221 1.665822 1.291126
v -0.461483 1.668075 1.294879
v -0.457221 1.668906 1.299159
v -0.451374 1.667288 1.305030
v -0.446922 1.662705 1.309500
v -0.444088 1.655569 1.312345
v -0.443094 1.646287 1.313343
v -0.443094 1.610045 1.313343
v -0.451533 1.610045 1.304871
v -0.451533 1.645773 1.304871
v -0.452230 1.651569 1.304170
v -0.454128 1.655798 1.302265
v -0.456932 1.658388 1.299449
v -0.460350 1.659268 1.296017
v -0.462565 1.658774 1.293793
v -0.464984 1.657243 1.291364
v -0.467456 1.654894 1.288882
v -0.469831 1.651942 1.286497
v -0.469831 1.610045 1.286497
v -0.478269 1.610045 1.278024
v -0.478269 1.645902 1.278024
v -0.478883 1.651948 1.277408
v -0.480545 1.656103 1.275740
v -0.482989 1.658499 1.273285
v -0.485949 1.659268 1.270313
v -0.488915 1.658900 1.267335
v -0.491543 1.657677 1.264696
v -0.494029 1.655418 1.262200
v -0.496568 1.651942 1.259651
v -0.496568 1.610045 1.259651
v -0.505006 1.610045 1.251178
v -0.505006 1.667750 1.251178
v -0.496568 1.667750 1.259651
v -0.518286 1.612684 1.237844
v -0.522191 1.610559 1.233923
v -0.526487 1.609302 1.229609
v -0.531458 1.608888 1.224617
v -0.540288 1.611447 1.215752
v -0.546771 1.618270 1.209242
v -0.550765 1.628082 1.205232
v -0.552127 1.639604 1.203864
v -0.550670 1.651556 1.205327
v -0.546581 1.660810 1.209433
v -0.540288 1.666786 1.215752
v -0.532217 1.668906 1.223855
v -0.524568 1.666947 1.231535
v -0.518742 1.661035 1.237386
v -0.515031 1.651123 1.241112
v -0.513729 1.637162 1.242419
v -0.543689 1.637162 1.212336
v -0.542039 1.629626 1.213993
v -0.539091 1.624198 1.216954
v -0.534863 1.620915 1.221199
v -0.529373 1.619812 1.226712
v -0.525580 1.620282 1.230520
v -0.521859 1.621644 1.234256
v -0.518173 1.623825 1.237957
v -0.514487 1.626752 1.241658
v -0.514487 1.615700 1.241658
v -0.522908 1.650661 1.233203
v -0.524917 1.655155 1.231186
v -0.527992 1.658011 1.228098
v -0.532027 1.659011 1.224046
v -0.536380 1.658065 1.219676
v -0.539755 1.655300 1.216287
v -0.542134 1.650824 1.213898
v -0.543500 1.644745 1.212527
v -0.522072 1.644745 1.234042
v -0.558290 1.667750 1.197676
v -0.558290 1.657468 1.197676
v -0.571753 1.657468 1.184157
v -0.571753 1.627909 1.184157
v -0.571152 1.623670 1.184761
v -0.569644 1.620985 1.186275
v -0.567674 1.619578 1.188254
v -0.565685 1.619170 1.190250
v -0.563389 1.619435 1.192556
v -0.561040 1.620230 1.194915
v -0.558619 1.621555 1.197345
v -0.556109 1.623411 1.199865
v -0.556109 1.612744 1.199865
v -0.558563 1.611220 1.197402
v -0.561300 1.609997 1.194653
v -0.564003 1.609184 1.191940
v -0.566349 1.608888 1.189584
v -0.572392 1.610256 1.183516
v -0.576719 1.614045 1.179171
v -0.579322 1.619786 1.176558
v -0.580192 1.627010 1.175684
v -0.580192 1.657468 1.175684
v -0.587587 1.657468 1.168259
v -0.587587 1.658754 1.168259
v -0.571753 1.679702 1.184157
v -0.571753 1.667750 1.184157
v -0.596856 1.655575 1.158952
v -0.600137 1.657452 1.155657
v -0.603117 1.658535 1.152665
v -0.605696 1.658882 1.150076
v -0.608010 1.658492 1.147752
v -0.609773 1.657404 1.145982
v -0.610896 1.655737 1.144854
v -0.611290 1.653613 1.144459
v -0.610728 1.651552 1.145023
v -0.608931 1.649083 1.146827
v -0.605730 1.645986 1.150041
v -0.600955 1.642046 1.154836
v -0.596499 1.637691 1.159310
v -0.593536 1.633805 1.162285
v -0.591889 1.629992 1.163939
v -0.591379 1.625853 1.164451
v -0.592439 1.618919 1.163387
v -0.595373 1.613563 1.160440
v -0.599819 1.610111 1.155977
v -0.605411 1.608888 1.150361
v -0.609149 1.609169 1.146608
v -0.612700 1.610077 1.143043
v -0.616304 1.611708 1.139424
v -0.620202 1.614158 1.135510
v -0.620202 1.626495 1.135510
v -0.616184 1.623142 1.139544
v -0.612451 1.620776 1.143293
v -0.609109 1.619375 1.146648
v -0.606265 1.618913 1.149504
v -0.603847 1.619467 1.151932
v -0.601856 1.620744 1.153931
v -0.600505 1.622744 1.155288
v -0.600007 1.625467 1.155788
v -0.603118 1.630980 1.152664
v -0.609962 1.636504 1.145792
v -0.616807 1.643450 1.138919
v -0.619918 1.653227 1.135796
v -0.618925 1.659798 1.136792
v -0.616101 1.664730 1.139627
v -0.611678 1.667830 1.144069
v -0.605885 1.668906 1.149885
v -0.602877 1.668615 1.152906
v -0.599806 1.667734 1.155990
v -0.596646 1.666250 1.159163
v -0.593370 1.664151 1.162452
v -0.593370 1.652842 1.162452
v -0.663626 1.580486 1.091908
v -0.649119 1.622383 1.106474
v -0.665617 1.667750 1.089909
v -0.656041 1.667750 1.099524
v -0.644568 1.635235 1.111044
v -0.633570 1.667750 1.122087
v -0.624089 1.667750 1.131607
v -0.654239 1.580486 1.101333
v -0.675287 1.682825 1.080199
v -0.679222 1.685630 1.076248
v -0.682943 1.687110 1.072511
v -0.686380 1.687542 1.069060
v -0.690500 1.686783 1.064924
v -0.693740 1.684650 1.061671
v -0.695860 1.681361 1.059542
v -0.696620 1.677132 1.058779
v -0.692250 1.667003 1.063167
v -0.682635 1.659043 1.072821
v -0.673021 1.649010 1.082475
v -0.668651 1.632664 1.086863
v -0.670013 1.623148 1.085494
v -0.673794 1.615620 1.081698
v -0.679530 1.610669 1.075939
v -0.686759 1.608888 1.068680
v -0.691789 1.609376 1.063630
v -0.696418 1.610864 1.058981
v -0.700746 1.613389 1.054636
v -0.704868 1.616985 1.050496
v -0.704868 1.632921 1.050496
v -0.701095 1.627463 1.054285
v -0.696940 1.623475 1.058457
v -0.692482 1.621029 1.062933
v -0.687802 1.620198 1.067632
v -0.683118 1.621238 1.072336
v -0.679838 1.623893 1.075629
v -0.677909 1.627463 1.077566
v -0.677278 1.631251 1.078200
v -0.681649 1.642424 1.073812
v -0.691263 1.651139 1.064158
v -0.700877 1.660962 1.054504
v -0.705248 1.675461 1.050116
v -0.703848 1.685134 1.051521
v -0.699879 1.692506 1.055506
v -0.693688 1.697203 1.061723
v -0.685622 1.698851 1.069822
v -0.681930 1.698466 1.073529
v -0.678274 1.697309 1.077200
v -0.674689 1.695381 1.080800
v -0.671210 1.692682 1.084292
v -0.671210 1.678417 1.084292
v -0.744667 1.655575 1.010535
v -0.747948 1.657452 1.007240
v -0.750928 1.658535 1.004249
v -0.753507 1.658882 1.001659
v -0.755821 1.658492 0.999335
v -0.757584 1.657404 0.997565
v -0.758706 1.655737 0.996438
v -0.759100 1.653613 0.996042
v -0.758539 1.651552 0.996606
v -0.756742 1.649083 0.998410
v -0.753541 1.645986 1.001625
v -0.748766 1.642046 1.006419
v -0.744310 1.637691 1.010893
v -0.741347 1.633805 1.013868
v -0.739700 1.629992 1.015522
v -0.739190 1.625853 1.016034
v -0.740249 1.618919 1.014971
v -0.743184 1.613563 1.012024
v -0.747630 1.610111 1.007560
v -0.753222 1.608888 1.001944
v -0.756960 1.609169 0.998191
v -0.760511 1.610077 0.994626
v -0.764115 1.611708 0.991007
v -0.768013 1.614158 0.987093
v -0.768013 1.626495 0.987093
v -0.763995 1.623142 0.991127
v -0.760262 1.620776 0.994876
v -0.756920 1.619375 0.998232
v -0.754076 1.618913 1.001088
v -0.751658 1.619467 1.003515
v -0.749667 1.620744 1.005515
v -0.748316 1.622744 1.006871
v -0.747818 1.625467 1.007371
v -0.750929 1.630980 1.004247
v -0.757773 1.636504 0.997375
v -0.764617 1.643450 0.990503
v -0.767728 1.653227 0.987379
v -0.766736 1.659798 0.988375
v -0.763912 1.664730 0.991211
v -0.759489 1.667830 0.995652
v -0.753696 1.668906 1.001468
v -0.750687 1.668615 1.004490
v -0.747616 1.667734 1.007573
v -0.744457 1.666250 1.010746
v -0.741181 1.664151 1.014035
v -0.741181 1.652842 1.014035
v -0.779523 1.655440 0.975535
v -0.782471 1.657179 0.972575
v -0.785206 1.658099 0.969829
v -0.787923 1.658368 0.967101
v -0.793193 1.656960 0.961810
v -0.797298 1.652986 0.957688
v -0.799963 1.646819 0.955012
v -0.800912 1.638833 0.954059
v -0.799887 1.630799 0.955088
v -0.796978 1.624776 0.958010
v -0.792433 1.620995 0.962573
v -0.786501 1.619684 0.968529
v -0.783818 1.619925 0.971223
v -0.781109 1.620648 0.973944
v -0.778275 1.621853 0.976789
v -0.775218 1.623539 0.979858
v -0.775218 1.612230 0.979858
v -0.777777 1.610949 0.977289
v -0.780966 1.609884 0.974087
v -0.784458 1.609157 0.970581
v -0.787923 1.608888 0.967101
v -0.796661 1.611021 0.958328
v -0.803496 1.616985 0.951465
v -0.807949 1.626130 0.946993
v -0.809540 1.637805 0.945396
v -0.808065 1.650689 0.946877
v -0.803851 1.660489 0.951108
v -0.797221 1.666722 0.957766
v -0.788492 1.668906 0.966530
v -0.785060 1.668627 0.969977
v -0.782009 1.667830 0.973039
v -0.779119 1.666575 0.975942
v -0.776167 1.664922 0.978906
v -0.776167 1.652713 0.978906
v -0.828028 1.610045 0.926832
v -0.828028 1.667750 0.926832
v -0.819590 1.667750 0.935305
v -0.819590 1.610045 0.935305
v -0.825707 1.678957 0.929163
v -0.827305 1.680425 0.927558
v -0.828388 1.682592 0.926470
v -0.828787 1.685228 0.926070
v -0.828388 1.687865 0.926470
v -0.827305 1.690032 0.927558
v -0.825707 1.691500 0.929163
v -0.823762 1.692040 0.931116
v -0.821817 1.691500 0.933069
v -0.820218 1.690032 0.934674
v -0.819135 1.687865 0.935761
v -0.818737 1.685228 0.936161
v -0.819135 1.682592 0.935761
v -0.820218 1.680425 0.934674
v -0.821817 1.678957 0.933069
v -0.823762 1.678417 0.931116
v -0.867185 1.660167 0.887514
v -0.864507 1.663864 0.890204
v -0.861402 1.666609 0.893321
v -0.858012 1.668318 0.896725
v -0.854481 1.668906 0.900271
v -0.848694 1.667455 0.906081
v -0.844099 1.663075 0.910695
v -0.841068 1.655731 0.913739
v -0.839975 1.645388 0.914837
v -0.839975 1.610045 0.914837
v -0.848413 1.610045 0.906364
v -0.848413 1.645773 0.906364
v -0.848996 1.651540 0.905778
v -0.850664 1.655958 0.904103
v -0.853293 1.658786 0.901464
v -0.856756 1.659782 0.897986
v -0.859415 1.659326 0.895316
v -0.861959 1.657870 0.892762
v -0.864556 1.655282 0.890154
v -0.867375 1.651428 0.887324
v -0.867375 1.610045 0.887324
v -0.875813 1.610045 0.878851
v -0.875813 1.697695 0.878851
v -0.867375 1.697695 0.887324
v -0.867375 1.660167 0.887324
v -0.923598 1.580486 0.830870
v -0.923598 1.667750 0.830870
v -0.908997 1.667750 0.845531
v -0.898689 1.665846 0.855881
v -0.891173 1.660231 0.863429
v -0.886571 1.651050 0.868049
v -0.885010 1.638448 0.869617
v -0.886614 1.626509 0.868006
v -0.891090 1.617162 0.863512
v -0.897929 1.611067 0.856644
v -0.906627 1.608888 0.847911
v -0.908667 1.609037 0.845863
v -0.910716 1.609499 0.843806
v -0.912853 1.610298 0.841659
v -0.915160 1.611459 0.839343
v -0.915160 1.580486 0.839343
v -0.913209 1.620634 0.841302
v -0.911213 1.619828 0.843306
v -0.909200 1.619336 0.845327
v -0.907196 1.619170 0.847340
v -0.901757 1.620630 0.852800
v -0.897466 1.624680 0.857110
v -0.894650 1.630827 0.859937
v -0.893638 1.638576 0.860953
v -0.894507 1.646570 0.860080
v -0.897110 1.652504 0.857467
v -0.901437 1.656197 0.853122
v -0.907480 1.657468 0.847054
v -0.915160 1.657468 0.839343
v -0.915160 1.621740 0.839343
v -0.933060 1.611220 0.821370
v -0.935058 1.609836 0.819363
v -0.936826 1.609103 0.817588
v -0.938673 1.608888 0.815733
v -0.941134 1.609234 0.813263
v -0.942999 1.610302 0.811390
v -0.944313 1.612141 0.810071
v -0.945120 1.614800 0.809260
v -0.947926 1.612196 0.806442
v -0.950785 1.610350 0.803572
v -0.953680 1.609252 0.800665
v -0.956592 1.608888 0.797741
v -0.960862 1.610049 0.793454
v -0.964154 1.613162 0.790148
v -0.966272 1.617672 0.788021
v -0.967022 1.623025 0.787269
v -0.965715 1.630232 0.788581
v -0.962328 1.635186 0.791981
v -0.957662 1.638622 0.796667
v -0.952516 1.641275 0.801834
v -0.945025 1.644873 0.809355
v -0.945025 1.647958 0.809355
v -0.945505 1.652581 0.808873
v -0.946945 1.655733 0.807427
v -0.949345 1.657537 0.805018
v -0.952705 1.658111 0.801644
v -0.956195 1.657547 0.798139
v -0.959650 1.655814 0.794670
v -0.962998 1.652852 0.791309
v -0.966168 1.648601 0.788126
v -0.966168 1.661067 0.788126
v -0.963428 1.664515 0.790877
v -0.960172 1.666963 0.794147
v -0.956382 1.668423 0.797952
v -0.952042 1.668906 0.802310
v -0.945987 1.667778 0.808390
v -0.941079 1.664312 0.813318
v -0.937789 1.658388 0.816621
v -0.936587 1.649886 0.817828
v -0.936587 1.620198 0.817828
v -0.936482 1.618814 0.817933
v -0.936172 1.617901 0.818244
v -0.935667 1.617397 0.818752
v -0.934975 1.617242 0.819446
v -0.934186 1.617453 0.820239
v -0.933138 1.618061 0.821291
v -0.931896 1.619031 0.822539
v -0.930519 1.620327 0.823921
v -0.930519 1.613387 0.823921
v -0.950169 1.636016 0.804190
v -0.954459 1.633130 0.799883
v -0.957398 1.629594 0.796931
v -0.958489 1.625082 0.795837
v -0.958034 1.621810 0.796293
v -0.956770 1.619250 0.797562
v -0.954849 1.617581 0.799491
v -0.952421 1.616985 0.801929
v -0.950465 1.617312 0.803893
v -0.948581 1.618254 0.805785
v -0.946768 1.619750 0.807606
v -0.945025 1.621740 0.809355
v -0.945025 1.638576 0.809355
v -0.992052 1.654512 0.762136
v -0.991862 1.654512 0.762326
v -0.988696 1.661045 0.765505
v -0.985593 1.665517 0.768621
v -0.982543 1.668085 0.771684
v -0.979537 1.668906 0.774702
v -0.977005 1.668495 0.777244
v -0.974500 1.667252 0.779760
v -0.971977 1.665165 0.782293
v -0.969392 1.662224 0.784889
v -0.973848 1.652328 0.780414
v -0.975878 1.654621 0.778376
v -0.977996 1.656408 0.776249
v -0.980008 1.657569 0.774229
v -0.981717 1.657982 0.772513
v -0.985772 1.656603 0.768441
v -0.989053 1.652826 0.765147
v -0.991250 1.647193 0.762941
v -0.992052 1.640247 0.762136
v -0.992052 1.610045 0.762136
v -1.000490 1.610045 0.753663
v -1.000490 1.667750 0.753663
v -0.992052 1.667750 0.762136
v -1.019609 1.612792 0.734465
v -1.025568 1.610559 0.728483
v -1.031597 1.609290 0.722429
v -1.038035 1.608888 0.715964
v -1.051773 1.612222 0.702170
v -1.062674 1.621483 0.691224
v -1.069861 1.635564 0.684008
v -1.072452 1.653356 0.681406
v -1.069803 1.671362 0.684066
v -1.062497 1.685791 0.691402
v -1.051493 1.695375 0.702452
v -1.037751 1.698851 0.716250
v -1.032378 1.698500 0.721645
v -1.027191 1.697293 0.726852
v -1.021525 1.695002 0.732542
v -1.014712 1.691397 0.739383
v -1.014712 1.678674 0.739383
v -1.020448 1.682405 0.733624
v -1.026255 1.685100 0.727793
v -1.032098 1.686734 0.721926
v -1.037941 1.687285 0.716059
v -1.047756 1.684718 0.706203
v -1.055670 1.677646 0.698257
v -1.060953 1.667007 0.692952
v -1.062876 1.653741 0.691022
v -1.060947 1.640299 0.692958
v -1.055552 1.629773 0.698376
v -1.047276 1.622909 0.706685
v -1.036708 1.620455 0.717297
v -1.033022 1.620726 0.720998
v -1.029479 1.621467 0.724556
v -1.026042 1.622570 0.728007
v -1.022676 1.623925 0.731386
v -1.022676 1.641918 0.731386
v -1.035096 1.641918 0.718915
v -1.035096 1.653227 0.718915
v -1.013384 1.653227 0.740716
v -1.013384 1.616085 0.740716
v -1.112557 1.667750 0.641137
v -1.103550 1.667750 0.650181
v -1.122323 1.608888 0.631331
v -1.124977 1.608888 0.628666
v -1.137587 1.649243 0.616004
v -1.150102 1.608888 0.603438
v -1.152757 1.608888 0.600772
v -1.171719 1.667750 0.581732
v -1.162712 1.667750 0.590776
v -1.151524 1.632793 0.602010
v -1.140716 1.667750 0.612862
v -1.134458 1.667750 0.619146
v -1.123650 1.632793 0.629998
v -1.176812 1.626997 0.576618
v -1.181532 1.617338 0.571879
v -1.188812 1.611101 0.564569
v -1.198171 1.608888 0.555171
v -1.207202 1.611174 0.546104
v -1.214313 1.617531 0.538964
v -1.218971 1.627214 0.534287
v -1.220642 1.639476 0.532609
v -1.218917 1.651069 0.534340
v -1.214171 1.660408 0.539106
v -1.207042 1.666639 0.546264
v -1.198171 1.668906 0.555171
v -1.188932 1.666712 0.564449
v -1.181639 1.660601 0.571772
v -1.176852 1.651285 0.576578
v -1.175132 1.639476 0.578305
v -1.211013 1.631152 0.542278
v -1.208198 1.624744 0.545104
v -1.203854 1.620626 0.549465
v -1.198266 1.619170 0.555076
v -1.192240 1.620569 0.561127
v -1.187671 1.624584 0.565715
v -1.184774 1.630935 0.568624
v -1.183760 1.639347 0.569642
v -1.184840 1.647076 0.568557
v -1.187849 1.653179 0.565536
v -1.192440 1.657185 0.560926
v -1.198266 1.658625 0.555076
v -1.203774 1.657187 0.549546
v -1.208127 1.653195 0.545175
v -1.210986 1.647131 0.542304
v -1.212014 1.639476 0.541272
v -1.257049 1.660167 0.496052
v -1.254371 1.663864 0.498742
v -1.251266 1.666609 0.501859
v -1.247876 1.668318 0.505263
v -1.244345 1.668906 0.508809
v -1.238678 1.667495 0.514499
v -1.234069 1.663203 0.519126
v -1.230972 1.655948 0.522237
v -1.229839 1.645645 0.523375
v -1.229839 1.610045 0.523375
v -1.238277 1.610045 0.514902
v -1.238277 1.645773 0.514902
v -1.238860 1.651540 0.514316
v -1.240529 1.655958 0.512641
v -1.243157 1.658786 0.510002
v -1.246620 1.659782 0.506524
v -1.249279 1.659326 0.503854
v -1.251823 1.657870 0.501300
v -1.254420 1.655282 0.498692
v -1.257239 1.651428 0.495862
v -1.257239 1.610045 0.495862
v -1.265677 1.610045 0.487389
v -1.265677 1.667750 0.487389
v -1.257239 1.667750 0.495862
v -1.257239 1.660167 0.495862
v -1.281132 1.682825 0.471871
v -1.285066 1.685630 0.467921
v -1.288788 1.687110 0.464184
v -1.292224 1.687542 0.460733
v -1.296344 1.686783 0.456596
v -1.299584 1.684650 0.453343
v -1.301704 1.681361 0.451214
v -1.302464 1.677132 0.450451
v -1.298094 1.667003 0.454840
v -1.288479 1.659043 0.464493
v -1.278865 1.649010 0.474147
v -1.274495 1.632664 0.478535
v -1.275858 1.623148 0.477167
v -1.279638 1.615620 0.473371
v -1.285374 1.610669 0.467611
v -1.292604 1.608888 0.460352
v -1.297633 1.609376 0.455302
v -1.302263 1.610864 0.450654
v -1.306590 1.613389 0.446309
v -1.310713 1.616985 0.442169
v -1.310713 1.632921 0.442169
v -1.306939 1.627463 0.445958
v -1.302784 1.623475 0.450130
v -1.298326 1.621029 0.454606
v -1.293647 1.620198 0.459305
v -1.288962 1.621238 0.464008
v -1.285682 1.623893 0.467302
v -1.283754 1.627463 0.469239
v -1.283123 1.631251 0.469872
v -1.287493 1.642424 0.465484
v -1.297107 1.651139 0.455830
v -1.306722 1.660962 0.446176
v -1.311092 1.675461 0.441788
v -1.309692 1.685134 0.443194
v -1.305723 1.692506 0.447179
v -1.299532 1.697203 0.453395
v -1.291466 1.698851 0.461495
v -1.287774 1.698466 0.465201
v -1.284118 1.697309 0.468873
v -1.280533 1.695381 0.472472
v -1.277055 1.692682 0.475965
v -1.277055 1.678417 0.475965
v -0.750535 1.754313 1.004643
v -0.744689 1.762580 1.010512
v -0.740550 1.771113 1.014669
v -0.738242 1.779561 1.016986
v -0.740532 1.778003 1.014686
v -0.743054 1.776830 1.012155
v -0.745682 1.776091 1.009516
v -0.748292 1.775834 1.006895
v -0.755471 1.777824 0.999686
v -0.761281 1.783272 0.993853
v -0.765171 1.791395 0.989946
v -0.766591 1.801409 0.988521
v -0.765189 1.810942 0.989928
v -0.761210 1.819257 0.993924
v -0.754991 1.825139 1.000168
v -0.746870 1.827370 1.008323
v -0.738615 1.824954 1.016611
v -0.732103 1.818261 1.023150
v -0.727831 1.808122 1.027440
v -0.726296 1.795369 1.028981
v -0.728222 1.779137 1.027048
v -0.733596 1.763159 1.021651
v -0.741815 1.748795 1.013398
v -0.752274 1.737407 1.002897
v -0.757963 1.746660 0.997185
v -0.744079 1.788059 1.011125
v -0.741608 1.788911 1.013607
v -0.738995 1.790389 1.016230
v -0.736346 1.792541 1.018890
v -0.736072 1.794640 1.019165
v -0.735931 1.796413 1.019307
v -0.735879 1.798017 1.019359
v -0.735872 1.799610 1.019366
v -0.736721 1.805658 1.018514
v -0.739036 1.810695 1.016189
v -0.742471 1.814140 1.012739
v -0.746680 1.815418 1.008513
v -0.750939 1.814387 1.004237
v -0.754301 1.811514 1.000862
v -0.756507 1.807122 0.998647
v -0.757299 1.801538 0.997851
v -0.756434 1.796190 0.998720
v -0.754075 1.791818 1.001088
v -0.750579 1.788869 1.004598
v -0.746301 1.787786 1.008894
v -0.801736 1.739333 0.953232
v -0.808355 1.744620 0.946586
v -0.812770 1.752534 0.942153
v -0.814375 1.762339 0.940541
v -0.813805 1.768830 0.941113
v -0.812088 1.774452 0.942837
v -0.809216 1.779256 0.945722
v -0.805179 1.783288 0.949775
v -0.808419 1.787198 0.946522
v -0.810832 1.791722 0.944099
v -0.812338 1.796752 0.942586
v -0.812858 1.802180 0.942064
v -0.811349 1.812189 0.943580
v -0.807182 1.820173 0.947764
v -0.800899 1.825458 0.954072
v -0.793043 1.827370 0.961961
v -0.785465 1.825436 0.969569
v -0.779426 1.820092 0.975634
v -0.775430 1.812026 0.979645
v -0.773986 1.801923 0.981096
v -0.774472 1.796933 0.980608
v -0.775953 1.791979 0.979120
v -0.778466 1.787338 0.976598
v -0.782045 1.783288 0.973004
v -0.778118 1.779453 0.976947
v -0.775301 1.774485 0.979775
v -0.773605 1.768649 0.981478
v -0.773038 1.762211 0.982048
v -0.774611 1.752425 0.980468
v -0.778940 1.744556 0.976122
v -0.785437 1.739313 0.969597
v -0.793517 1.737407 0.961485
v -0.797447 1.814492 0.957538
v -0.800711 1.811867 0.954261
v -0.802819 1.807773 0.952145
v -0.803567 1.802437 0.951393
v -0.802755 1.797313 0.952209
v -0.800557 1.793055 0.954416
v -0.797327 1.790148 0.957659
v -0.793422 1.789071 0.961580
v -0.789477 1.790126 0.965541
v -0.786252 1.792975 0.968779
v -0.784076 1.797150 0.970964
v -0.783277 1.802180 0.971766
v -0.784020 1.807447 0.971021
v -0.786086 1.811642 0.968946
v -0.789237 1.814416 0.965782
v -0.793233 1.815418 0.961770
v -0.798284 1.776107 0.956698
v -0.801931 1.773264 0.953036
v -0.804263 1.768878 0.950694
v -0.805084 1.763239 0.949870
v -0.804240 1.757655 0.950718
v -0.801884 1.753263 0.953083
v -0.798284 1.750389 0.956698
v -0.793707 1.749359 0.961294
v -0.788769 1.750498 0.966252
v -0.785209 1.753552 0.969826
v -0.783054 1.757980 0.971991
v -0.782329 1.763239 0.972718
v -0.783157 1.768769 0.971887
v -0.785470 1.773167 0.969565
v -0.789009 1.776071 0.966011
v -0.793517 1.777119 0.961485
v -0.821467 1.739738 0.933420
v -0.823465 1.738355 0.931413
v -0.825233 1.737622 0.929639
v -0.827080 1.737407 0.927784
v -0.829541 1.737752 0.925313
v -0.831406 1.738821 0.923440
v -0.832720 1.740660 0.922121
v -0.833527 1.743319 0.921310
v -0.836333 1.740714 0.918493
v -0.839192 1.738869 0.915622
v -0.842087 1.737770 0.912715
v -0.844999 1.737407 0.909791
v -0.849269 1.738568 0.905504
v -0.852561 1.741680 0.902199
v -0.854679 1.746190 0.900072
v -0.855429 1.751544 0.899319
v -0.854122 1.758751 0.900631
v -0.850736 1.763705 0.904031
v -0.846069 1.767141 0.908717
v -0.840923 1.769794 0.913885
v -0.833432 1.773392 0.921405
v -0.833432 1.776477 0.921405
v -0.833912 1.781099 0.920923
v -0.835352 1.784252 0.919478
v -0.837752 1.786055 0.917068
v -0.841112 1.786629 0.913694
v -0.844602 1.786065 0.910190
v -0.848057 1.784332 0.906721
v -0.851405 1.781370 0.903359
v -0.854575 1.777119 0.900176
v -0.854575 1.789585 0.900176
v -0.851835 1.793033 0.902928
v -0.848579 1.795481 0.906197
v -0.844789 1.796941 0.910002
v -0.840449 1.797425 0.914361
v -0.834394 1.796296 0.920440
v -0.829486 1.792830 0.925368
v -0.826196 1.786907 0.928672
v -0.824994 1.778404 0.929878
v -0.824994 1.748716 0.929878
v -0.824889 1.747333 0.929984
v -0.824579 1.746419 0.930295
v -0.824074 1.745915 0.930802
v -0.823382 1.745761 0.931497
v -0.822593 1.745971 0.932289
v -0.821546 1.746580 0.933341
v -0.820303 1.747550 0.934589
v -0.818926 1.748845 0.935971
v -0.818926 1.741905 0.935971
v -0.838576 1.764534 0.916241
v -0.842866 1.761649 0.911933
v -0.845805 1.758112 0.908982
v -0.846896 1.753600 0.907887
v -0.846441 1.750329 0.908344
v -0.845177 1.747769 0.909613
v -0.843256 1.746100 0.911542
v -0.840828 1.745504 0.913980
v -0.838872 1.745831 0.915943
v -0.836988 1.746773 0.917835
v -0.835175 1.748269 0.919656
v -0.833432 1.750259 0.921405
v -0.833432 1.767095 0.921405
v -0.889940 1.796268 0.864666
v -0.878468 1.760797 0.876185
v -0.867280 1.796268 0.887419
v -0.858273 1.796268 0.896463
v -0.877046 1.737407 0.877613
v -0.879890 1.737407 0.874757
v -0.899137 1.796268 0.855432
v -0.914022 1.738564 0.840485
v -0.914022 1.826213 0.840485
v -0.905584 1.826213 0.848958
v -0.905584 1.738564 0.848958
v -0.924242 1.739738 0.830223
v -0.926241 1.738355 0.828217
v -0.928008 1.737622 0.826442
v -0.929856 1.737407 0.824587
v -0.932316 1.737752 0.822116
v -0.934181 1.738821 0.820244
v -0.935495 1.740660 0.818924
v -0.936303 1.743319 0.818114
v -0.939109 1.740714 0.815296
v -0.941968 1.738869 0.812425
v -0.944862 1.737770 0.809519
v -0.947775 1.737407 0.806594
v -0.952044 1.738568 0.802307
v -0.955336 1.741680 0.799002
v -0.957455 1.746190 0.796875
v -0.958204 1.751544 0.796122
v -0.956897 1.758751 0.797434
v -0.953511 1.763705 0.800835
v -0.948844 1.767141 0.805520
v -0.943698 1.769794 0.810688
v -0.936208 1.773392 0.818209
v -0.936208 1.776477 0.818209
v -0.936688 1.781099 0.817727
v -0.938128 1.784252 0.816281
v -0.940528 1.786055 0.813871
v -0.943888 1.786629 0.810498
v -0.947378 1.786065 0.806993
v -0.950833 1.784332 0.803524
v -0.954181 1.781370 0.800162
v -0.957351 1.777119 0.796979
v -0.957351 1.789585 0.796979
v -0.954610 1.793033 0.799731
v -0.951354 1.795481 0.803001
v -0.947565 1.796941 0.806806
v -0.943224 1.797425 0.811164
v -0.937169 1.796296 0.817243
v -0.932261 1.792830 0.822171
v -0.928971 1.786907 0.825475
v -0.927770 1.778404 0.826681
v -0.927770 1.748716 0.826681
v -0.927665 1.747333 0.826787
v -0.927355 1.746419 0.827098
v -0.926850 1.745915 0.827605
v -0.926158 1.745761 0.828300
v -0.925368 1.745971 0.829093
v -0.924321 1.746580 0.830144
v -0.923078 1.747550 0.831392
v -0.921702 1.748845 0.832774
v -0.921702 1.741905 0.832774
v -0.941351 1.764534 0.813044
v -0.945642 1.761649 0.808736
v -0.948581 1.758112 0.805785
v -0.949671 1.753600 0.804690
v -0.949216 1.750329 0.805147
v -0.947953 1.747769 0.806416
v -0.946031 1.746100 0.808345
v -0.943603 1.745504 0.810783
v -0.941648 1.745831 0.812747
v -0.939763 1.746773 0.814639
v -0.937950 1.748269 0.816459
v -0.936208 1.750259 0.818209
v -0.936208 1.767095 0.818209
v -0.977166 1.738564 0.777082
v -0.977166 1.776734 0.777082
v -1.013384 1.776734 0.740716
v -1.013384 1.738564 0.740716
v -1.022676 1.738564 0.731386
v -1.022676 1.826213 0.731386
v -1.013384 1.826213 0.740716
v -1.013384 1.788043 0.740716
v -0.977166 1.788043 0.777082
v -0.977166 1.826213 0.777082
v -0.967875 1.826213 0.786412
v -0.967875 1.738564 0.786412
v -0.469359 1.660167 1.232552
v -0.466138 1.664027 1.235786
v -0.463006 1.666754 1.238931
v -0.459946 1.668372 1.242004
v -0.456938 1.668906 1.245023
v -0.453073 1.668238 1.248904
v -0.449626 1.666256 1.252366
v -0.446659 1.662997 1.255345
v -0.444234 1.658496 1.257780
v -0.441305 1.662509 1.260721
v -0.438012 1.665822 1.264028
v -0.434274 1.668075 1.267781
v -0.430012 1.668906 1.272060
v -0.424165 1.667288 1.277931
v -0.419713 1.662705 1.282401
v -0.416879 1.655569 1.285247
v -0.415885 1.646287 1.286245
v -0.415885 1.610045 1.286245
v -0.424323 1.610045 1.277772
v -0.424323 1.645773 1.277772
v -0.425021 1.651569 1.277072
v -0.426919 1.655798 1.275166
v -0.429723 1.658388 1.272350
v -0.433141 1.659268 1.268919
v -0.435355 1.658774 1.266695
v -0.437775 1.657243 1.264266
v -0.440247 1.654894 1.261783
v -0.442622 1.651942 1.259399
v -0.442622 1.610045 1.259399
v -0.451060 1.610045 1.250926
v -0.451060 1.645902 1.250926
v -0.451673 1.651948 1.250310
v -0.453335 1.656103 1.248641
v -0.455780 1.658499 1.246187
v -0.458740 1.659268 1.243215
v -0.461705 1.658900 1.240237
v -0.464334 1.657677 1.237598
v -0.466819 1.655418 1.235102
v -0.469359 1.651942 1.232552
v -0.469359 1.610045 1.232552
v -0.477797 1.610045 1.224079
v -0.477797 1.667750 1.224079
v -0.469359 1.667750 1.232552
v -0.491076 1.612684 1.210746
v -0.494981 1.610559 1.206825
v -0.499277 1.609302 1.202511
v -0.504249 1.608888 1.197519
v -0.513078 1.611447 1.188653
v -0.519561 1.618270 1.182144
v -0.523555 1.628082 1.178134
v -0.524918 1.639604 1.176765
v -0.523460 1.651556 1.178229
v -0.519371 1.660810 1.182334
v -0.513078 1.666786 1.188653
v -0.505008 1.668906 1.196757
v -0.497359 1.666947 1.204437
v -0.491533 1.661035 1.210287
v -0.487822 1.651123 1.214014
v -0.486519 1.637162 1.215321
v -0.516480 1.637162 1.185238
v -0.514829 1.629626 1.186895
v -0.511881 1.624198 1.189855
v -0.507653 1.620915 1.194100
v -0.502163 1.619812 1.199613
v -0.498371 1.620282 1.203421
v -0.494649 1.621644 1.207158
v -0.490964 1.623825 1.210859
v -0.487278 1.626752 1.214560
v -0.487278 1.615700 1.214560
v -0.495698 1.650661 1.206105
v -0.497707 1.655155 1.204087
v -0.500783 1.658011 1.200999
v -0.504818 1.659011 1.196948
v -0.509170 1.658065 1.192577
v -0.512545 1.655300 1.189189
v -0.514924 1.650824 1.186800
v -0.516290 1.644745 1.185428
v -0.494863 1.644745 1.206944
v -0.531081 1.667750 1.170577
v -0.531081 1.657468 1.170577
v -0.544544 1.657468 1.157059
v -0.544544 1.627909 1.157059
v -0.543942 1.623670 1.157663
v -0.542434 1.620985 1.159177
v -0.540464 1.619578 1.161155
v -0.538476 1.619170 1.163152
v -0.536180 1.619435 1.165457
v -0.533830 1.620230 1.167816
v -0.531410 1.621555 1.170247
v -0.528900 1.623411 1.172767
v -0.528900 1.612744 1.172767
v -0.531353 1.611220 1.170303
v -0.534091 1.609997 1.167554
v -0.536793 1.609184 1.164841
v -0.539140 1.608888 1.162485
v -0.545182 1.610256 1.156418
v -0.549510 1.614045 1.152073
v -0.552112 1.619786 1.149459
v -0.552982 1.627010 1.148586
v -0.552982 1.657468 1.148586
v -0.560377 1.657468 1.141160
v -0.560377 1.658754 1.141160
v -0.544544 1.679702 1.157059
v -0.544544 1.667750 1.157059
v -0.569647 1.655575 1.131853
v -0.572928 1.657452 1.128558
v -0.575907 1.658535 1.125567
v -0.578486 1.658882 1.122977
v -0.580800 1.658492 1.120654
v -0.582563 1.657404 1.118884
v -0.583686 1.655737 1.117756
v -0.584080 1.653613 1.117360
v -0.583519 1.651552 1.117924
v -0.581722 1.649083 1.119728
v -0.578520 1.645986 1.122943
v -0.573746 1.642046 1.127737
v -0.569290 1.637691 1.132212
v -0.566327 1.633805 1.135187
v -0.564679 1.629992 1.136841
v -0.564170 1.625853 1.137352
v -0.565229 1.618919 1.136289
v -0.568164 1.613563 1.133342
v -0.572610 1.610111 1.128878
v -0.578202 1.608888 1.123263
v -0.581940 1.609169 1.119510
v -0.585491 1.610077 1.115944
v -0.589095 1.611708 1.112325
v -0.592992 1.614158 1.108412
v -0.592992 1.626495 1.108412
v -0.588975 1.623142 1.112446
v -0.585242 1.620776 1.116194
v -0.581900 1.619375 1.119550
v -0.579055 1.618913 1.122406
v -0.576638 1.619467 1.124834
v -0.574646 1.620744 1.126833
v -0.573295 1.622744 1.128189
v -0.572798 1.625467 1.128689
v -0.575909 1.630980 1.125565
v -0.582753 1.636504 1.118693
v -0.589597 1.643450 1.111821
v -0.592708 1.653227 1.108697
v -0.591715 1.659798 1.109694
v -0.588892 1.664730 1.112529
v -0.584468 1.667830 1.116971
v -0.578676 1.668906 1.122787
v -0.575667 1.668615 1.125808
v -0.572596 1.667734 1.128891
v -0.569436 1.666250 1.132064
v -0.566161 1.664151 1.135353
v -0.566161 1.652842 1.135353
v -0.636416 1.580486 1.064810
v -0.621910 1.622383 1.079376
v -0.638407 1.667750 1.062811
v -0.628831 1.667750 1.072426
v -0.617359 1.635235 1.083945
v -0.606361 1.667750 1.094988
v -0.596880 1.667750 1.104508
v -0.627030 1.580486 1.074235
v -0.648078 1.682825 1.053100
v -0.652013 1.685630 1.049150
v -0.655734 1.687110 1.045413
v -0.659171 1.687542 1.041962
v -0.663291 1.686783 1.037825
v -0.666530 1.684650 1.034572
v -0.668650 1.681361 1.032444
v -0.669410 1.677132 1.031680
v -0.665040 1.667003 1.036069
v -0.655426 1.659043 1.045722
v -0.645811 1.649010 1.055376
v -0.641441 1.632664 1.059764
v -0.642804 1.623148 1.058396
v -0.646585 1.615620 1.054600
v -0.652321 1.610669 1.048840
v -0.659550 1.608888 1.041581
v -0.664579 1.609376 1.036531
v -0.669209 1.610864 1.031883
v -0.673536 1.613389 1.027538
v -0.677659 1.616985 1.023398
v -0.677659 1.632921 1.023398
v -0.673886 1.627463 1.027187
v -0.669730 1.623475 1.031359
v -0.665273 1.621029 1.035835
v -0.660593 1.620198 1.040534
v -0.655909 1.621238 1.045238
v -0.652629 1.623893 1.048531
v -0.650700 1.627463 1.050467
v -0.650069 1.631251 1.051101
v -0.654439 1.642424 1.046713
v -0.664054 1.651139 1.037059
v -0.673668 1.660962 1.027405
v -0.678038 1.675461 1.023017
v -0.676638 1.685134 1.024423
v -0.672670 1.692506 1.028408
v -0.666479 1.697203 1.034624
v -0.658412 1.698851 1.042724
v -0.654721 1.698466 1.046430
v -0.651064 1.697309 1.050102
v -0.647479 1.695381 1.053701
v -0.644001 1.692682 1.057194
v -0.644001 1.678417 1.057194
v -0.717458 1.655575 0.983436
v -0.720739 1.657452 0.980142
v -0.723718 1.658535 0.977150
v -0.726297 1.658882 0.974560
v -0.728611 1.658492 0.972237
v -0.730374 1.657404 0.970467
v -0.731497 1.655737 0.969339
v -0.731891 1.653613 0.968944
v -0.731330 1.651552 0.969507
v -0.729533 1.649083 0.971312
v -0.726331 1.645986 0.974526
v -0.721557 1.642046 0.979320
v -0.717101 1.637691 0.983795
v -0.714138 1.633805 0.986770
v -0.712490 1.629992 0.988424
v -0.711981 1.625853 0.988936
v -0.713040 1.618919 0.987872
v -0.715975 1.613563 0.984925
v -0.720420 1.610111 0.980461
v -0.726013 1.608888 0.974846
v -0.729750 1.609169 0.971093
v -0.733301 1.610077 0.967528
v -0.736906 1.611708 0.963908
v -0.740803 1.614158 0.959995
v -0.740803 1.626495 0.959995
v -0.736786 1.623142 0.964029
v -0.733052 1.620776 0.967777
v -0.729710 1.619375 0.971133
v -0.726866 1.618913 0.973989
v -0.724448 1.619467 0.976417
v -0.722457 1.620744 0.978416
v -0.721106 1.622744 0.979773
v -0.720608 1.625467 0.980272
v -0.723719 1.630980 0.977149
v -0.730564 1.636504 0.970276
v -0.737408 1.643450 0.963404
v -0.740519 1.653227 0.960280
v -0.739526 1.659798 0.961277
v -0.736703 1.664730 0.964112
v -0.732279 1.667830 0.968554
v -0.726487 1.668906 0.974370
v -0.723478 1.668615 0.977391
v -0.720407 1.667734 0.980475
v -0.717247 1.666250 0.983648
v -0.713972 1.664151 0.986936
v -0.713972 1.652842 0.986936
v -0.752314 1.655440 0.948437
v -0.755262 1.657179 0.945477
v -0.757997 1.658099 0.942731
v -0.760714 1.658368 0.940003
v -0.765983 1.656960 0.934712
v -0.770088 1.652986 0.930590
v -0.772753 1.646819 0.927914
v -0.773703 1.638833 0.926961
v -0.772678 1.630799 0.927990
v -0.769768 1.624776 0.930911
v -0.765223 1.620995 0.935475
v -0.759292 1.619684 0.941431
v -0.756609 1.619925 0.944125
v -0.753899 1.620648 0.946845
v -0.751065 1.621853 0.949691
v -0.748009 1.623539 0.952760
v -0.748009 1.612230 0.952760
v -0.750567 1.610949 0.950191
v -0.753757 1.609884 0.946988
v -0.757249 1.609157 0.943482
v -0.760714 1.608888 0.940003
v -0.769451 1.611021 0.931230
v -0.776286 1.616985 0.924366
v -0.780740 1.626130 0.919895
v -0.782331 1.637805 0.918297
v -0.780855 1.650689 0.919779
v -0.776642 1.660489 0.924009
v -0.770011 1.666722 0.930667
v -0.761283 1.668906 0.939432
v -0.757850 1.668627 0.942878
v -0.754800 1.667830 0.945941
v -0.751910 1.666575 0.948843
v -0.748957 1.664922 0.951808
v -0.748957 1.652713 0.951808
v -0.800819 1.610045 0.899733
v -0.800819 1.667750 0.899733
v -0.792381 1.667750 0.908206
v -0.792381 1.610045 0.908206
v -0.798497 1.678957 0.902064
v -0.800096 1.680425 0.900459
v -0.801179 1.682592 0.899372
v -0.801577 1.685228 0.898972
v -0.801179 1.687865 0.899372
v -0.800096 1.690032 0.900459
v -0.798497 1.691500 0.902064
v -0.796552 1.692040 0.904017
v -0.794607 1.691500 0.905970
v -0.793009 1.690032 0.907575
v -0.791926 1.687865 0.908663
v -0.791527 1.685228 0.909063
v -0.791926 1.682592 0.908663
v -0.793009 1.680425 0.907575
v -0.794607 1.678957 0.905970
v -0.796552 1.678417 0.904017
v -0.839976 1.660167 0.860416
v -0.837297 1.663864 0.863105
v -0.834192 1.666609 0.866223
v -0.830803 1.668318 0.869626
v -0.827271 1.668906 0.873173
v -0.821485 1.667455 0.878983
v -0.816889 1.663075 0.883597
v -0.813858 1.655731 0.886640
v -0.812765 1.645388 0.887738
v -0.812765 1.610045 0.887738
v -0.821203 1.610045 0.879265
v -0.821203 1.645773 0.879265
v -0.821787 1.651540 0.878679
v -0.823455 1.655958 0.877004
v -0.826083 1.658786 0.874366
v -0.829547 1.659782 0.870888
v -0.832206 1.659326 0.868218
v -0.834749 1.657870 0.865664
v -0.837346 1.655282 0.863056
v -0.840166 1.651428 0.860225
v -0.840166 1.610045 0.860225
v -0.848604 1.610045 0.851753
v -0.848604 1.697695 0.851753
v -0.840166 1.697695 0.860225
v -0.840166 1.660167 0.860225
v -0.896389 1.580486 0.803772
v -0.896389 1.667750 0.803772
v -0.881788 1.667750 0.818433
v -0.871480 1.665846 0.828783
v -0.863963 1.660231 0.836330
v -0.859362 1.651050 0.840950
v -0.857800 1.638448 0.842518
v -0.859405 1.626509 0.840907
v -0.863880 1.617162 0.836414
v -0.870720 1.611067 0.829546
v -0.879417 1.608888 0.820813
v -0.881457 1.609037 0.818764
v -0.883506 1.609499 0.816707
v -0.885644 1.610298 0.814561
v -0.887950 1.611459 0.812245
v -0.887950 1.580486 0.812245
v -0.885999 1.620634 0.814204
v -0.884004 1.619828 0.816207
v -0.881991 1.619336 0.818229
v -0.879986 1.619170 0.820241
v -0.874548 1.620630 0.825702
v -0.870256 1.624680 0.830011
v -0.867440 1.630827 0.832839
v -0.866428 1.638576 0.833855
v -0.867298 1.646570 0.832982
v -0.869901 1.652504 0.830368
v -0.874228 1.656197 0.826023
v -0.880271 1.657468 0.819956
v -0.887950 1.657468 0.812245
v -0.887950 1.621740 0.812245
v -0.905851 1.611220 0.794271
v -0.907849 1.609836 0.792265
v -0.909616 1.609103 0.790490
v -0.911464 1.608888 0.788635
v -0.913924 1.609234 0.786164
v -0.915789 1.610302 0.784292
v -0.917103 1.612141 0.782972
v -0.917911 1.614800 0.782161
v -0.920717 1.612196 0.779344
v -0.923576 1.610350 0.776473
v -0.926471 1.609252 0.773567
v -0.929383 1.608888 0.770642
v -0.933652 1.610049 0.766355
v -0.936944 1.613162 0.763050
v -0.939063 1.617672 0.760923
v -0.939812 1.623025 0.760170
v -0.938506 1.630232 0.761482
v -0.935119 1.635186 0.764883
v -0.930453 1.638622 0.769568
v -0.925306 1.641275 0.774736
v -0.917816 1.644873 0.782257
v -0.917816 1.647958 0.782257
v -0.918296 1.652581 0.781775
v -0.919736 1.655733 0.780329
v -0.922136 1.657537 0.777919
v -0.925496 1.658111 0.774545
v -0.928986 1.657547 0.771041
v -0.932441 1.655814 0.767572
v -0.935789 1.652852 0.764210
v -0.938959 1.648601 0.761027
v -0.938959 1.661067 0.761027
v -0.936218 1.664515 0.763779
v -0.932962 1.666963 0.767048
v -0.929173 1.668423 0.770854
v -0.924832 1.668906 0.775212
v -0.918777 1.667778 0.781291
v -0.913869 1.664312 0.786219
v -0.910579 1.658388 0.789523
v -0.909378 1.649886 0.790729
v -0.909378 1.620198 0.790729
v -0.909273 1.618814 0.790835
v -0.908963 1.617901 0.791146
v -0.908458 1.617397 0.791653
v -0.907766 1.617242 0.792348
v -0.906976 1.617453 0.793141
v -0.905929 1.618061 0.794192
v -0.904686 1.619031 0.795440
v -0.903310 1.620327 0.796822
v -0.903310 1.613387 0.796822
v -0.922960 1.636016 0.777092
v -0.927250 1.633130 0.772784
v -0.930189 1.629594 0.769833
v -0.931279 1.625082 0.768738
v -0.930824 1.621810 0.769195
v -0.929561 1.619250 0.770464
v -0.927639 1.617581 0.772393
v -0.925211 1.616985 0.774831
v -0.923256 1.617312 0.776795
v -0.921371 1.618254 0.778687
v -0.919558 1.619750 0.780507
v -0.917816 1.621740 0.782257
v -0.917816 1.638576 0.782257
v -0.964842 1.654512 0.735038
v -0.964653 1.654512 0.735228
v -0.961487 1.661045 0.738407
v -0.958383 1.665517 0.741523
v -0.955333 1.668085 0.744586
v -0.952327 1.668906 0.747604
v -0.949796 1.668495 0.750146
v -0.947290 1.667252 0.752661
v -0.944768 1.665165 0.755195
v -0.942182 1.662224 0.757790
v -0.946639 1.652328 0.753316
v -0.948668 1.654621 0.751278
v -0.950787 1.656408 0.749151
v -0.952798 1.657569 0.747131
v -0.954508 1.657982 0.745414
v -0.958563 1.656603 0.741343
v -0.961844 1.652826 0.738048
v -0.964041 1.647193 0.735842
v -0.964842 1.640247 0.735038
v -0.964842 1.610045 0.735038
v -0.973281 1.610045 0.726565
v -0.973281 1.667750 0.726565
v -0.964842 1.667750 0.735038
v -0.992400 1.612792 0.707367
v -0.998358 1.610559 0.701384
v -1.004388 1.609290 0.695330
v -1.010826 1.608888 0.688866
v -1.024563 1.612222 0.675072
v -1.035465 1.621483 0.664125
v -1.042651 1.635564 0.656910
v -1.045242 1.653356 0.654308
v -1.042594 1.671362 0.656968
v -1.035287 1.685791 0.664304
v -1.024283 1.695375 0.675353
v -1.010541 1.698851 0.689151
v -1.005168 1.698500 0.694546
v -0.999982 1.697293 0.699754
v -0.994315 1.695002 0.705444
v -0.987502 1.691397 0.712285
v -0.987502 1.678674 0.712285
v -0.993238 1.682405 0.706525
v -0.999046 1.685100 0.700694
v -1.004888 1.686734 0.694827
v -1.010731 1.687285 0.688961
v -1.020547 1.684718 0.679105
v -1.028461 1.677646 0.671158
v -1.033744 1.667007 0.665854
v -1.035666 1.653741 0.663923
v -1.033738 1.640299 0.665860
v -1.028342 1.629773 0.671277
v -1.020067 1.622909 0.679587
v -1.009498 1.620455 0.690198
v -1.005813 1.620726 0.693899
v -1.002269 1.621467 0.697457
v -0.998832 1.622570 0.700908
v -0.995466 1.623925 0.704288
v -0.995466 1.641918 0.704288
v -1.007887 1.641918 0.691817
v -1.007887 1.653227 0.691817
v -0.986175 1.653227 0.713618
v -0.986175 1.616085 0.713618
v -1.085348 1.667750 0.614038
v -1.076340 1.667750 0.623082
v -1.095113 1.608888 0.604233
v -1.097768 1.608888 0.601567
v -1.110378 1.649243 0.588906
v -1.122893 1.608888 0.576339
v -1.125548 1.608888 0.573674
v -1.144510 1.667750 0.554634
v -1.135503 1.667750 0.563678
v -1.124315 1.632793 0.574911
v -1.113506 1.667750 0.585764
v -1.107249 1.667750 0.592047
v -1.096440 1.632793 0.602900
v -1.149603 1.626997 0.549520
v -1.154323 1.617338 0.544780
v -1.161602 1.611101 0.537471
v -1.170962 1.608888 0.528073
v -1.179993 1.611174 0.519005
v -1.187104 1.617531 0.511865
v -1.191761 1.627214 0.507188
v -1.193432 1.639476 0.505511
v -1.191708 1.651069 0.507242
v -1.186962 1.660408 0.512008
v -1.179833 1.666639 0.519166
v -1.170962 1.668906 0.528073
v -1.161722 1.666712 0.537350
v -1.154429 1.660601 0.544673
v -1.149643 1.651285 0.549480
v -1.147923 1.639476 0.551207
v -1.183803 1.631152 0.515179
v -1.180988 1.624744 0.518005
v -1.176645 1.620626 0.522367
v -1.171057 1.619170 0.527978
v -1.165030 1.620569 0.534029
v -1.160462 1.624584 0.538616
v -1.157564 1.630935 0.541526
v -1.156551 1.639347 0.542543
v -1.157631 1.647076 0.541459
v -1.160640 1.653179 0.538438
v -1.165231 1.657185 0.533828
v -1.171057 1.658625 0.527978
v -1.176565 1.657187 0.522447
v -1.180917 1.653195 0.518077
v -1.183776 1.647131 0.515206
v -1.184805 1.639476 0.514174
v -1.229840 1.660167 0.468954
v -1.227161 1.663864 0.471643
v -1.224056 1.666609 0.474761
v -1.220667 1.668318 0.478164
v -1.217135 1.668906 0.481711
v -1.211469 1.667495 0.487400
v -1.206860 1.663203 0.492028
v -1.203762 1.655948 0.495138
v -1.202629 1.645645 0.496276
v -1.202629 1.610045 0.496276
v -1.211067 1.610045 0.487803
v -1.211067 1.645773 0.487803
v -1.211651 1.651540 0.487217
v -1.213319 1.655958 0.485542
v -1.215947 1.658786 0.482904
v -1.219411 1.659782 0.479426
v -1.222070 1.659326 0.476756
v -1.224613 1.657870 0.474202
v -1.227210 1.655282 0.471594
v -1.230030 1.651428 0.468763
v -1.230030 1.610045 0.468763
v -1.238468 1.610045 0.460291
v -1.238468 1.667750 0.460291
v -1.230030 1.667750 0.468763
v -1.230030 1.660167 0.468763
v -1.253922 1.682825 0.444773
v -1.257857 1.685630 0.440822
v -1.261578 1.687110 0.437086
v -1.265015 1.687542 0.433635
v -1.269135 1.686783 0.429498
v -1.272375 1.684650 0.426245
v -1.274495 1.681361 0.424116
v -1.275254 1.677132 0.423353
v -1.270884 1.667003 0.427741
v -1.261270 1.659043 0.437395
v -1.251655 1.649010 0.447049
v -1.247285 1.632664 0.451437
v -1.248648 1.623148 0.450068
v -1.252429 1.615620 0.446272
v -1.258165 1.610669 0.440513
v -1.265394 1.608888 0.433254
v -1.270424 1.609376 0.428204
v -1.275053 1.610864 0.423555
v -1.279380 1.613389 0.419210
v -1.283503 1.616985 0.415071
v -1.283503 1.632921 0.415071
v -1.279730 1.627463 0.418859
v -1.275574 1.623475 0.423032
v -1.271117 1.621029 0.427508
v -1.266437 1.620198 0.432207
v -1.261753 1.621238 0.436910
v -1.258473 1.623893 0.440203
v -1.256544 1.627463 0.442140
v -1.255913 1.631251 0.442774
v -1.260283 1.642424 0.438386
v -1.269898 1.651139 0.428732
v -1.279512 1.660962 0.419078
v -1.283882 1.675461 0.414690
v -1.282482 1.685134 0.416095
v -1.278514 1.692506 0.420081
v -1.272323 1.697203 0.426297
v -1.264256 1.698851 0.434396
v -1.260565 1.698466 0.438103
v -1.256908 1.697309 0.441774
v -1.253323 1.695381 0.445374
v -1.249845 1.692682 0.448867
v -1.249845 1.678417 0.448867
v -0.723325 1.754313 0.977544
v -0.717480 1.762580 0.983414
v -0.713341 1.771113 0.987570
v -0.711033 1.779561 0.989888
v -0.713323 1.778003 0.987588
v -0.715844 1.776830 0.985056
v -0.718472 1.776091 0.982418
v -0.721083 1.775834 0.979797
v -0.728261 1.777824 0.972588
v -0.734072 1.783272 0.966754
v -0.737962 1.791395 0.962848
v -0.739381 1.801409 0.961423
v -0.737980 1.810942 0.962830
v -0.734001 1.819257 0.966826
v -0.727782 1.825139 0.973070
v -0.719660 1.827370 0.981225
v -0.711406 1.824954 0.989513
v -0.704893 1.818261 0.996052
v -0.700621 1.808122 1.000342
v -0.699086 1.795369 1.001883
v -0.701012 1.779137 0.999949
v -0.706387 1.763159 0.994552
v -0.714606 1.748795 0.986300
v -0.725065 1.737407 0.975798
v -0.730753 1.746660 0.970086
v -0.716869 1.788059 0.984027
v -0.714398 1.788911 0.986508
v -0.711785 1.790389 0.989132
v -0.709136 1.792541 0.991792
v -0.708862 1.794640 0.992067
v -0.708721 1.796413 0.992208
v -0.708670 1.798017 0.992260
v -0.708662 1.799610 0.992268
v -0.709511 1.805658 0.991415
v -0.711827 1.810695 0.989090
v -0.715262 1.814140 0.985641
v -0.719471 1.815418 0.981415
v -0.723730 1.814387 0.977138
v -0.727091 1.811514 0.973763
v -0.729297 1.807122 0.971548
v -0.730090 1.801538 0.970753
v -0.729224 1.796190 0.971621
v -0.726866 1.791818 0.973989
v -0.723370 1.788869 0.977500
v -0.719091 1.787786 0.981796
v -0.774526 1.739333 0.926134
v -0.781145 1.744620 0.919487
v -0.785560 1.752534 0.915055
v -0.787166 1.762339 0.913442
v -0.786596 1.768830 0.914015
v -0.784879 1.774452 0.915739
v -0.782006 1.779256 0.918623
v -0.777969 1.783288 0.922677
v -0.781209 1.787198 0.919423
v -0.783622 1.791722 0.917000
v -0.785129 1.796752 0.915488
v -0.785649 1.802180 0.914965
v -0.784139 1.812189 0.916481
v -0.779972 1.820173 0.920666
v -0.773689 1.825458 0.926974
v -0.765833 1.827370 0.934862
v -0.758256 1.825436 0.942471
v -0.752216 1.820092 0.948535
v -0.748221 1.812026 0.952547
v -0.746776 1.801923 0.953997
v -0.747262 1.796933 0.953509
v -0.748744 1.791979 0.952022
v -0.751256 1.787338 0.949499
v -0.754835 1.783288 0.945905
v -0.750908 1.779453 0.949849
v -0.748092 1.774485 0.952676
v -0.746396 1.768649 0.954380
v -0.745828 1.762211 0.954949
v -0.747402 1.752425 0.953370
v -0.751730 1.744556 0.949023
v -0.758228 1.739313 0.942499
v -0.766307 1.737407 0.934386
v -0.770238 1.814492 0.930440
v -0.773501 1.811867 0.927163
v -0.775609 1.807773 0.925046
v -0.776357 1.802437 0.924295
v -0.775546 1.797313 0.925110
v -0.773347 1.793055 0.927318
v -0.770118 1.790148 0.930560
v -0.766213 1.789071 0.934481
v -0.762268 1.790126 0.938443
v -0.759043 1.792975 0.941681
v -0.756866 1.797150 0.943866
v -0.756068 1.802180 0.944668
v -0.756810 1.807447 0.943923
v -0.758877 1.811642 0.941847
v -0.762028 1.814416 0.938684
v -0.766023 1.815418 0.934672
v -0.771075 1.776107 0.929599
v -0.774722 1.773264 0.925937
v -0.777054 1.768878 0.923596
v -0.777874 1.763239 0.922772
v -0.777030 1.757655 0.923620
v -0.774675 1.753263 0.925985
v -0.771075 1.750389 0.929599
v -0.766497 1.749359 0.934196
v -0.761559 1.750498 0.939154
v -0.758000 1.753552 0.942728
v -0.755844 1.757980 0.944892
v -0.755120 1.763239 0.945620
v -0.755948 1.768769 0.944788
v -0.758260 1.773167 0.942466
v -0.761800 1.776071 0.938913
v -0.766307 1.777119 0.934386
v -0.794258 1.739738 0.906322
v -0.796256 1.738355 0.904315
v -0.798023 1.737622 0.902540
v -0.799871 1.737407 0.900685
v -0.802331 1.737752 0.898215
v -0.804196 1.738821 0.896342
v -0.805510 1.740660 0.895023
v -0.806318 1.743319 0.894212
v -0.809124 1.740714 0.891394
v -0.811983 1.738869 0.888524
v -0.814878 1.737770 0.885617
v -0.817790 1.737407 0.882693
v -0.822060 1.738568 0.878406
v -0.825351 1.741680 0.875100
v -0.827470 1.746190 0.872973
v -0.828219 1.751544 0.872221
v -0.826913 1.758751 0.873533
v -0.823526 1.763705 0.876933
v -0.818860 1.767141 0.881619
v -0.813713 1.769794 0.886786
v -0.806223 1.773392 0.894307
v -0.806223 1.776477 0.894307
v -0.806703 1.781099 0.893825
v -0.808143 1.784252 0.892379
v -0.810543 1.786055 0.889969
v -0.813903 1.786629 0.886596
v -0.817393 1.786065 0.883091
v -0.820848 1.784332 0.879622
v -0.824196 1.781370 0.876261
v -0.827366 1.777119 0.873077
v -0.827366 1.789585 0.873077
v -0.824625 1.793033 0.875829
v -0.821369 1.795481 0.879099
v -0.817580 1.796941 0.882904
v -0.813239 1.797425 0.887262
v -0.807184 1.796296 0.893342
v -0.802276 1.792830 0.898270
v -0.798986 1.786907 0.901573
v -0.797785 1.778404 0.902780
v -0.797785 1.748716 0.902780
v -0.797680 1.747333 0.902885
v -0.797370 1.746419 0.903196
v -0.796865 1.745915 0.903704
v -0.796173 1.745761 0.904398
v -0.795383 1.745971 0.905191
v -0.794336 1.746580 0.906243
v -0.793093 1.747550 0.907491
v -0.791717 1.748845 0.908873
v -0.791717 1.741905 0.908873
v -0.811367 1.764534 0.889142
v -0.815657 1.761649 0.884835
v -0.818596 1.758112 0.881883
v -0.819686 1.753600 0.880789
v -0.819231 1.750329 0.881245
v -0.817968 1.747769 0.882514
v -0.816046 1.746100 0.884443
v -0.813618 1.745504 0.886881
v -0.811663 1.745831 0.888845
v -0.809778 1.746773 0.890737
v -0.807965 1.748269 0.892558
v -0.806223 1.750259 0.894307
v -0.806223 1.767095 0.894307
v -0.862731 1.796268 0.837568
v -0.851258 1.760797 0.849087
v -0.840071 1.796268 0.860321
v -0.831064 1.796268 0.869365
v -0.849836 1.737407 0.850515
v -0.852681 1.737407 0.847659
v -0.871927 1.796268 0.828333
v -0.886813 1.738564 0.813387
v -0.886813 1.826213 0.813387
v -0.878374 1.826213 0.821860
v -0.878374 1.738564 0.821860
v -0.897033 1.739738 0.803125
v -0.899031 1.738355 0.801118
v -0.900799 1.737622 0.799344
v -0.902646 1.737407 0.797489
v -0.905107 1.737752 0.795018
v -0.906972 1.738821 0.793145
v -0.908286 1.740660 0.791826
v -0.909093 1.743319 0.791015
v -0.911899 1.740714 0.788198
v -0.914758 1.738869 0.785327
v -0.917653 1.737770 0.782420
v -0.920565 1.737407 0.779496
v -0.924835 1.738568 0.775209
v -0.928127 1.741680 0.771904
v -0.930245 1.746190 0.769777
v -0.930995 1.751544 0.769024
v -0.929688 1.758751 0.770336
v -0.926302 1.763705 0.773736
v -0.921635 1.767141 0.778422
v -0.916489 1.769794 0.783589
v -0.908998 1.773392 0.791110
v -0.908998 1.776477 0.791110
v -0.909478 1.781099 0.790628
v -0.910918 1.784252 0.789183
v -0.913318 1.786055 0.786773
v -0.916678 1.786629 0.783399
v -0.920168 1.786065 0.779895
v -0.923623 1.784332 0.776426
v -0.926971 1.781370 0.773064
v -0.930141 1.777119 0.769881
v -0.930141 1.789585 0.769881
v -0.927401 1.793033 0.772633
v -0.924145 1.795481 0.775902
v -0.920355 1.796941 0.779707
v -0.916014 1.797425 0.784066
v -0.909960 1.796296 0.790145
v -0.905052 1.792830 0.795073
v -0.901762 1.786907 0.798377
v -0.900560 1.778404 0.799583
v -0.900560 1.748716 0.799583
v -0.900455 1.747333 0.799689
v -0.900145 1.746419 0.800000
v -0.899640 1.745915 0.800507
v -0.898948 1.745761 0.801202
v -0.898159 1.745971 0.801994
v -0.897112 1.746580 0.803046
v -0.895869 1.747550 0.804294
v -0.894492 1.748845 0.805676
v -0.894492 1.741905 0.805676
v -0.914142 1.764534 0.785946
v -0.918432 1.761649 0.781638
v -0.921371 1.758112 0.778687
v -0.922462 1.753600 0.777592
v -0.922007 1.750329 0.778049
v -0.920743 1.747769 0.779317
v -0.918822 1.746100 0.781247
v -0.916394 1.745504 0.783685
v -0.914438 1.745831 0.785648
v -0.912554 1.746773 0.787540
v -0.910741 1.748269 0.789361
v -0.908998 1.750259 0.791110
v -0.908998 1.767095 0.791110
v -0.949957 1.738564 0.749984
v -0.949957 1.776734 0.749984
v -0.986175 1.776734 0.713618
v -0.986175 1.738564 0.713618
v -0.995466 1.738564 0.704288
v -0.995466 1.826213 0.704288
v -0.986175 1.826213 0.713618
v -0.986175 1.788043 0.713618
v -0.949957 1.788043 0.749984
v -0.949957 1.826213 0.749984
v -0.940665 1.826213 0.759314
v -0.940665 1.738564 0.759314
v -0.949957 1.738564 0.749984
v -0.977166 1.738564 0.777082
v -0.949957 1.776734 0.749984
v -0.977166 1.776734 0.777082
v -0.986175 1.776734 0.713618
v -1.013384 1.776734 0.740716
v -0.986175 1.738564 0.713618
v -1.013384 1.738564 0.740716
v -0.995466 1.738564 0.704288
v -1.022676 1.738564 0.731386
v -0.995466 1.826213 0.704288
v -1.022676 1.826213 0.731386
v -0.986175 1.826213 0.713618
v -1.013384 1.826213 0.740716
v -0.986175 1.788043 0.713618
v -1.013384 1.788043 0.740716
v -0.949957 1.788043 0.749984
v -0.977166 1.788043 0.777082
v -0.949957 1.826213 0.749984
v -0.977166 1.826213 0.777082
v -0.940665 1.826213 0.759314
v -0.967875 1.826213 0.786412
v -0.940665 1.738564 0.759314
v -0.967875 1.738564 0.786412
v -0.897033 1.739738 0.803125
v -0.924242 1.739738 0.830223
v -0.899031 1.738355 0.801118
v -0.926241 1.738355 0.828217
v -0.900799 1.737622 0.799344
v -0.928008 1.737622 0.826442
v -0.902646 1.737407 0.797489
v -0.929856 1.737407 0.824587
v -0.905107 1.737752 0.795018
v -0.932316 1.737752 0.822116
v -0.906972 1.738821 0.793145
v -0.934181 1.738821 0.820244
v -0.908286 1.740660 0.791826
v -0.935495 1.740660 0.818924
v -0.909093 1.743319 0.791015
v -0.936303 1.743319 0.818114
v -0.911899 1.740714 0.788198
v -0.939109 1.740714 0.815296
v -0.914758 1.738869 0.785327
v -0.941968 1.738869 0.812425
v -0.917653 1.737770 0.782420
v -0.944862 1.737770 0.809519
v -0.920565 1.737407 0.779496
v -0.947775 1.737407 0.806594
v -0.924835 1.738568 0.775209
v -0.952044 1.738568 0.802307
v -0.928127 1.741680 0.771904
v -0.955336 1.741680 0.799002
v -0.930245 1.746190 0.769777
v -0.957455 1.746190 0.796875
v -0.930995 1.751544 0.769024
v -0.958204 1.751544 0.796122
v -0.929688 1.758751 0.770336
v -0.956897 1.758751 0.797434
v -0.926302 1.763705 0.773736
v -0.953511 1.763705 0.800835
v -0.921635 1.767141 0.778422
v -0.948844 1.767141 0.805520
v -0.916489 1.769794 0.783589
v -0.943698 1.769794 0.810688
v -0.908998 1.773392 0.791110
v -0.936208 1.773392 0.818209
v -0.908998 1.776477 0.791110
v -0.936208 1.776477 0.818209
v -0.909478 1.781099 0.790628
v -0.936688 1.781099 0.817727
v -0.910918 1.784252 0.789183
v -0.938128 1.784252 0.816281
v -0.913318 1.786055 0.786773
v -0.940528 1.786055 0.813871
v -0.916678 1.786629 0.783399
v -0.943888 1.786629 0.810498
v -0.920168 1.786065 0.779895
v -0.947378 1.786065 0.806993
v -0.923623 1.784332 0.776426
v -0.950833 1.784332 0.803524
v -0.926971 1.781370 0.773064
v -0.954181 1.781370 0.800162
v -0.930141 1.777119 0.769881
v -0.957351 1.777119 0.796979
v -0.930141 1.789585 0.769881
v -0.957351 1.789585 0.796979
v -0.927401 1.793033 0.772633
v -0.954610 1.793033 0.799731
v -0.924145 1.795481 0.775902
v -0.951354 1.795481 0.803001
v -0.920355 1.796941 0.779707
v -0.947565 1.796941 0.806806
v -0.916014 1.797425 0.784066
v -0.943224 1.797425 0.811164
v -0.909960 1.796296 0.790145
v -0.937169 1.796296 0.817243
v -0.905052 1.792830 0.795073
v -0.932261 1.792830 0.822171
v -0.901762 1.786907 0.798377
v -0.928971 1.786907 0.825475
v -0.900560 1.778404 0.799583
v -0.927770 1.778404 0.826681
v -0.900560 1.748716 0.799583
v -0.927770 1.748716 0.826681
v -0.900455 1.747333 0.799689
v -0.927665 1.747333 0.826787
v -0.900145 1.746419 0.800000
v -0.927355 1.746419 0.827098
v -0.899640 1.745915 0.800507
v -0.926850 1.745915 0.827605
v -0.898948 1.745761 0.801202
v -0.926158 1.745761 0.828300
v -0.898159 1.745971 0.801994
v -0.925368 1.745971 0.829093
v -0.897112 1.746580 0.803046
v -0.924321 1.746580 0.830144
v -0.895869 1.747550 0.804294
v -0.923078 1.747550 0.831392
v -0.894492 1.748845 0.805676
v -0.921702 1.748845 0.832774
v -0.894492 1.741905 0.805676
v -0.921702 1.741905 0.832774
v -0.914142 1.764534 0.785946
v -0.941351 1.764534 0.813044
v -0.918432 1.761649 0.781638
v -0.945642 1.761649 0.808736
v -0.921371 1.758112 0.778687
v -0.948581 1.758112 0.805785
v -0.922462 1.753600 0.777592
v -0.949671 1.753600 0.804690
v -0.922007 1.750329 0.778049
v -0.949216 1.750329 0.805147
v -0.920743 1.747769 0.779317
v -0.947953 1.747769 0.806416
v -0.918822 1.746100 0.781247
v -0.946031 1.746100 0.808345
v -0.916394 1.745504 0.783685
v -0.943603 1.745504 0.810783
v -0.914438 1.745831 0.785648
v -0.941648 1.745831 0.812747
v -0.912554 1.746773 0.787540
v -0.939763 1.746773 0.814639
v -0.910741 1.748269 0.789361
v -0.937950 1.748269 0.816459
v -0.908998 1.750259 0.791110
v -0.936208 1.750259 0.818209
v -0.908998 1.767095 0.791110
v -0.936208 1.767095 0.818209
v -0.886813 1.738564 0.813387
v -0.914022 1.738564 0.840485
v -0.886813 1.826213 0.813387
v -0.914022 1.826213 0.840485
v -0.878374 1.826213 0.821860
v -0.905584 1.826213 0.848958
v -0.878374 1.738564 0.821860
v -0.905584 1.738564 0.848958
v -0.862731 1.796268 0.837568
v -0.889940 1.796268 0.864666
v -0.851258 1.760797 0.849087
v -0.878468 1.760797 0.876185
v -0.840071 1.796268 0.860321
v -0.867280 1.796268 0.887419
v -0.831064 1.796268 0.869365
v -0.858273 1.796268 0.896463
v -0.849836 1.737407 0.850515
v -0.877046 1.737407 0.877613
v -0.852681 1.737407 0.847659
v -0.879890 1.737407 0.874757
v -0.871927 1.796268 0.828333
v -0.899137 1.796268 0.855432
v -0.794258 1.739738 0.906322
v -0.821467 1.739738 0.933420
v -0.796256 1.738355 0.904315
v -0.823465 1.738355 0.931413
v -0.798023 1.737622 0.902540
v -0.825233 1.737622 0.929639
v -0.799871 1.737407 0.900685
v -0.827080 1.737407 0.927784
v -0.802331 1.737752 0.898215
v -0.829541 1.737752 0.925313
v -0.804196 1.738821 0.896342
v -0.831406 1.738821 0.923440
v -0.805510 1.740660 0.895023
v -0.832720 1.740660 0.922121
v -0.806318 1.743319 0.894212
v -0.833527 1.743319 0.921310
v -0.809124 1.740714 0.891394
v -0.836333 1.740714 0.918493
v -0.811983 1.738869 0.888524
v -0.839192 1.738869 0.915622
v -0.814878 1.737770 0.885617
v -0.842087 1.737770 0.912715
v -0.817790 1.737407 0.882693
v -0.844999 1.737407 0.909791
v -0.822060 1.738568 0.878406
v -0.849269 1.738568 0.905504
v -0.825351 1.741680 0.875100
v -0.852561 1.741680 0.902199
v -0.827470 1.746190 0.872973
v -0.854679 1.746190 0.900072
v -0.828219 1.751544 0.872221
v -0.855429 1.751544 0.899319
v -0.826913 1.758751 0.873533
v -0.854122 1.758751 0.900631
v -0.823526 1.763705 0.876933
v -0.850736 1.763705 0.904031
v -0.818860 1.767141 0.881619
v -0.846069 1.767141 0.908717
v -0.813713 1.769794 0.886786
v -0.840923 1.769794 0.913885
v -0.806223 1.773392 0.894307
v -0.833432 1.773392 0.921405
v -0.806223 1.776477 0.894307
v -0.833432 1.776477 0.921405
v -0.806703 1.781099 0.893825
v -0.833912 1.781099 0.920923
v -0.808143 1.784252 0.892379
v -0.835352 1.784252 0.919478
v -0.810543 1.786055 0.889969
v -0.837752 1.786055 0.917068
v -0.813903 1.786629 0.886596
v -0.841112 1.786629 0.913694
v -0.817393 1.786065 0.883091
v -0.844602 1.786065 0.910190
v -0.820848 1.784332 0.879622
v -0.848057 1.784332 0.906721
v -0.824196 1.781370 0.876261
v -0.851405 1.781370 0.903359
v -0.827366 1.777119 0.873077
v -0.854575 1.777119 0.900176
v -0.827366 1.789585 0.873077
v -0.854575 1.789585 0.900176
v -0.824625 1.793033 0.875829
v -0.851835 1.793033 0.902928
v -0.821369 1.795481 0.879099
v -0.848579 1.795481 0.906197
v -0.817580 1.796941 0.882904
v -0.844789 1.796941 0.910002
v -0.813239 1.797425 0.887262
v -0.840449 1.797425 0.914361
v -0.807184 1.796296 0.893342
v -0.834394 1.796296 0.920440
v -0.802276 1.792830 0.898270
v -0.829486 1.792830 0.925368
v -0.798986 1.786907 0.901573
v -0.826196 1.786907 0.928672
v -0.797785 1.778404 0.902780
v -0.824994 1.778404 0.929878
v -0.797785 1.748716 0.902780
v -0.824994 1.748716 0.929878
v -0.797680 1.747333 0.902885
v -0.824889 1.747333 0.929984
v -0.797370 1.746419 0.903196
v -0.824579 1.746419 0.930295
v -0.796865 1.745915 0.903704
v -0.824074 1.745915 0.930802
v -0.796173 1.745761 0.904398
v -0.823382 1.745761 0.931497
v -0.795383 1.745971 0.905191
v -0.822593 1.745971 0.932289
v -0.794336 1.746580 0.906243
v -0.821546 1.746580 0.933341
v -0.793093 1.747550 0.907491
v -0.820303 1.747550 0.934589
v -0.791717 1.748845 0.908873
v -0.818926 1.748845 0.935971
v -0.791717 1.741905 0.908873
v -0.818926 1.741905 0.935971
v -0.811367 1.764534 0.889142
v -0.838576 1.764534 0.916241
v -0.815657 1.761649 0.884835
v -0.842866 1.761649 0.911933
v -0.818596 1.758112 0.881883
v -0.845805 1.758112 0.908982
v -0.819686 1.753600 0.880789
v -0.846896 1.753600 0.907887
v -0.819231 1.750329 0.881245
v -0.846441 1.750329 0.908344
v -0.817968 1.747769 0.882514
v -0.845177 1.747769 0.909613
v -0.816046 1.746100 0.884443
v -0.843256 1.746100 0.911542
v -0.813618 1.745504 0.886881
v -0.840828 1.745504 0.913980
v -0.811663 1.745831 0.888845
v -0.838872 1.745831 0.915943
v -0.809778 1.746773 0.890737
v -0.836988 1.746773 0.917835
v -0.807965 1.748269 0.892558
v -0.835175 1.748269 0.919656
v -0.806223 1.750259 0.894307
v -0.833432 1.750259 0.921405
v -0.806223 1.767095 0.894307
v -0.833432 1.767095 0.921405
v -0.774526 1.739333 0.926134
v -0.801736 1.739333 0.953232
v -0.781145 1.744620 0.919487
v -0.808355 1.744620 0.946586
v -0.785560 1.752534 0.915055
v -0.812770 1.752534 0.942153
v -0.787166 1.762339 0.913442
v -0.814375 1.762339 0.940541
v -0.786596 1.768830 0.914015
v -0.813805 1.768830 0.941113
v -0.784879 1.774452 0.915739
v -0.812088 1.774452 0.942837
v -0.782006 1.779256 0.918623
v -0.809216 1.779256 0.945722
v -0.777969 1.783288 0.922677
v -0.805179 1.783288 0.949775
v -0.781209 1.787198 0.919423
v -0.808419 1.787198 0.946522
v -0.783622 1.791722 0.917000
v -0.810832 1.791722 0.944099
v -0.785129 1.796752 0.915488
v -0.812338 1.796752 0.942586
v -0.785649 1.802180 0.914965
v -0.812858 1.802180 0.942064
v -0.784139 1.812189 0.916481
v -0.811349 1.812189 0.943580
v -0.779972 1.820173 0.920666
v -0.807182 1.820173 0.947764
v -0.773689 1.825458 0.926974
v -0.800899 1.825458 0.954072
v -0.765833 1.827370 0.934862
v -0.793043 1.827370 0.961961
v -0.758256 1.825436 0.942471
v -0.785465 1.825436 0.969569
v -0.752216 1.820092 0.948535
v -0.779426 1.820092 0.975634
v -0.748221 1.812026 0.952547
v -0.775430 1.812026 0.979645
v -0.746776 1.801923 0.953997
v -0.773986 1.801923 0.981096
v -0.747262 1.796933 0.953509
v -0.774472 1.796933 0.980608
v -0.748744 1.791979 0.952022
v -0.775953 1.791979 0.979120
v -0.751256 1.787338 0.949499
v -0.778466 1.787338 0.976598
v -0.754835 1.783288 0.945905
v -0.782045 1.783288 0.973004
v -0.750908 1.779453 0.949849
v -0.778118 1.779453 0.976947
v -0.748092 1.774485 0.952676
v -0.775301 1.774485 0.979775
v -0.746396 1.768649 0.954380
v -0.773605 1.768649 0.981478
v -0.745828 1.762211 0.954949
v -0.773038 1.762211 0.982048
v -0.747402 1.752425 0.953370
v -0.774611 1.752425 0.980468
v -0.751730 1.744556 0.949023
v -0.778940 1.744556 0.976122
v -0.758228 1.739313 0.942499
v -0.785437 1.739313 0.969597
v -0.766307 1.737407 0.934386
v -0.793517 1.737407 0.961485
v -0.770238 1.814492 0.930440
v -0.797447 1.814492 0.957538
v -0.773501 1.811867 0.927163
v -0.800711 1.811867 0.954261
v -0.775609 1.807773 0.925046
v -0.802819 1.807773 0.952145
v -0.776357 1.802437 0.924295
v -0.803567 1.802437 0.951393
v -0.775546 1.797313 0.925110
v -0.802755 1.797313 0.952209
v -0.773347 1.793055 0.927318
v -0.800557 1.793055 0.954416
v -0.770118 1.790148 0.930560
v -0.797327 1.790148 0.957659
v -0.766213 1.789071 0.934481
v -0.793422 1.789071 0.961580
v -0.762268 1.790126 0.938443
v -0.789477 1.790126 0.965541
v -0.759043 1.792975 0.941681
v -0.786252 1.792975 0.968779
v -0.756866 1.797150 0.943866
v -0.784076 1.797150 0.970964
v -0.756068 1.802180 0.944668
v -0.783277 1.802180 0.971766
v -0.756810 1.807447 0.943923
v -0.784020 1.807447 0.971021
v -0.758877 1.811642 0.941847
v -0.786086 1.811642 0.968946
v -0.762028 1.814416 0.938684
v -0.789237 1.814416 0.965782
v -0.766023 1.815418 0.934672
v -0.793233 1.815418 0.961770
v -0.771075 1.776107 0.929599
v -0.798284 1.776107 0.956698
v -0.774722 1.773264 0.925937
v -0.801931 1.773264 0.953036
v -0.777054 1.768878 0.923596
v -0.804263 1.768878 0.950694
v -0.777874 1.763239 0.922772
v -0.805084 1.763239 0.949870
v -0.777030 1.757655 0.923620
v -0.804240 1.757655 0.950718
v -0.774675 1.753263 0.925985
v -0.801884 1.753263 0.953083
v -0.771075 1.750389 0.929599
v -0.798284 1.750389 0.956698
v -0.766497 1.749359 0.934196
v -0.793707 1.749359 0.961294
v -0.761559 1.750498 0.939154
v -0.788769 1.750498 0.966252
v -0.758000 1.753552 0.942728
v -0.785209 1.753552 0.969826
v -0.755844 1.757980 0.944892
v -0.783054 1.757980 0.971991
v -0.755120 1.763239 0.945620
v -0.782329 1.763239 0.972718
v -0.755948 1.768769 0.944788
v -0.783157 1.768769 0.971887
v -0.758260 1.773167 0.942466
v -0.785470 1.773167 0.969565
v -0.761800 1.776071 0.938913
v -0.789009 1.776071 0.966011
v -0.766307 1.777119 0.934386
v -0.793517 1.777119 0.961485
v -0.723325 1.754313 0.977544
v -0.750535 1.754313 1.004643
v -0.717480 1.762580 0.983414
v -0.744689 1.762580 1.010512
v -0.713341 1.771113 0.987570
v -0.740550 1.771113 1.014669
v -0.711033 1.779561 0.989888
v -0.738242 1.779561 1.016986
v -0.713323 1.778003 0.987588
v -0.740532 1.778003 1.014686
v -0.715844 1.776830 0.985056
v -0.743054 1.776830 1.012155
v -0.718472 1.776091 0.982418
v -0.745682 1.776091 1.009516
v -0.721083 1.775834 0.979797
v -0.748292 1.775834 1.006895
v -0.728261 1.777824 0.972588
v -0.755471 1.777824 0.999686
v -0.734072 1.783272 0.966754
v -0.761281 1.783272 0.993853
v -0.737962 1.791395 0.962848
v -0.765171 1.791395 0.989946
v -0.739381 1.801409 0.961423
v -0.766591 1.801409 0.988521
v -0.737980 1.810942 0.962830
v -0.765189 1.810942 0.989928
v -0.734001 1.819257 0.966826
v -0.761210 1.819257 0.993924
v -0.727782 1.825139 0.973070
v -0.754991 1.825139 1.000168
v -0.719660 1.827370 0.981225
v -0.746870 1.827370 1.008323
v -0.711406 1.824954 0.989513
v -0.738615 1.824954 1.016611
v -0.704893 1.818261 0.996052
v -0.732103 1.818261 1.023150
v -0.700621 1.808122 1.000342
v -0.727831 1.808122 1.027440
v -0.699086 1.795369 1.001883
v -0.726296 1.795369 1.028981
v -0.701012 1.779137 0.999949
v -0.728222 1.779137 1.027048
v -0.706387 1.763159 0.994552
v -0.733596 1.763159 1.021651
v -0.714606 1.748795 0.986300
v -0.741815 1.748795 1.013398
v -0.725065 1.737407 0.975798
v -0.752274 1.737407 1.002897
v -0.730753 1.746660 0.970086
v -0.757963 1.746660 0.997185
v -0.716869 1.788059 0.984027
v -0.744079 1.788059 1.011125
v -0.714398 1.788911 0.986508
v -0.741608 1.788911 1.013607
v -0.711785 1.790389 0.989132
v -0.738995 1.790389 1.016230
v -0.709136 1.792541 0.991792
v -0.736346 1.792541 1.018890
v -0.708862 1.794640 0.992067
v -0.736072 1.794640 1.019165
v -0.708721 1.796413 0.992208
v -0.735931 1.796413 1.019307
v -0.708670 1.798017 0.992260
v -0.735879 1.798017 1.019359
v -0.708662 1.799610 0.992268
v -0.735872 1.799610 1.019366
v -0.709511 1.805658 0.991415
v -0.736721 1.805658 1.018514
v -0.711827 1.810695 0.989090
v -0.739036 1.810695 1.016189
v -0.715262 1.814140 0.985641
v -0.742471 1.814140 1.012739
v -0.719471 1.815418 0.981415
v -0.746680 1.815418 1.008513
v -0.723730 1.814387 0.977138
v -0.750939 1.814387 1.004237
v -0.727091 1.811514 0.973763
v -0.754301 1.811514 1.000862
v -0.729297 1.807122 0.971548
v -0.756507 1.807122 0.998647
v -0.730090 1.801538 0.970753
v -0.757299 1.801538 0.997851
v -0.729224 1.796190 0.971621
v -0.756434 1.796190 0.998720
v -0.726866 1.791818 0.973989
v -0.754075 1.791818 1.001088
v -0.723370 1.788869 0.977500
v -0.750579 1.788869 1.004598
v -0.719091 1.787786 0.981796
v -0.746301 1.787786 1.008894
v -1.253922 1.682825 0.444773
v -1.281132 1.682825 0.471871
v -1.257857 1.685630 0.440822
v -1.285066 1.685630 0.467921
v -1.261578 1.687110 0.437086
v -1.288788 1.687110 0.464184
v -1.265015 1.687542 0.433635
v -1.292224 1.687542 0.460733
v -1.269135 1.686783 0.429498
v -1.296344 1.686783 0.456596
v -1.272375 1.684650 0.426245
v -1.299584 1.684650 0.453343
v -1.274495 1.681361 0.424116
v -1.301704 1.681361 0.451214
v -1.275254 1.677132 0.423353
v -1.302464 1.677132 0.450451
v -1.270884 1.667003 0.427741
v -1.298094 1.667003 0.454840
v -1.261270 1.659043 0.437395
v -1.288479 1.659043 0.464493
v -1.251655 1.649010 0.447049
v -1.278865 1.649010 0.474147
v -1.247285 1.632664 0.451437
v -1.274495 1.632664 0.478535
v -1.248648 1.623148 0.450068
v -1.275858 1.623148 0.477167
v -1.252429 1.615620 0.446272
v -1.279638 1.615620 0.473371
v -1.258165 1.610669 0.440513
v -1.285374 1.610669 0.467611
v -1.265394 1.608888 0.433254
v -1.292604 1.608888 0.460352
v -1.270424 1.609376 0.428204
v -1.297633 1.609376 0.455302
v -1.275053 1.610864 0.423555
v -1.302263 1.610864 0.450654
v -1.279380 1.613389 0.419210
v -1.306590 1.613389 0.446309
v -1.283503 1.616985 0.415071
v -1.310713 1.616985 0.442169
v -1.283503 1.632921 0.415071
v -1.310713 1.632921 0.442169
v -1.279730 1.627463 0.418859
v -1.306939 1.627463 0.445958
v -1.275574 1.623475 0.423032
v -1.302784 1.623475 0.450130
v -1.271117 1.621029 0.427508
v -1.298326 1.621029 0.454606
v -1.266437 1.620198 0.432207
v -1.293647 1.620198 0.459305
v -1.261753 1.621238 0.436910
v -1.288962 1.621238 0.464008
v -1.258473 1.623893 0.440203
v -1.285682 1.623893 0.467302
v -1.256544 1.627463 0.442140
v -1.283754 1.627463 0.469239
v -1.255913 1.631251 0.442774
v -1.283123 1.631251 0.469872
v -1.260283 1.642424 0.438386
v -1.287493 1.642424 0.465484
v -1.269898 1.651139 0.428732
v -1.297107 1.651139 0.455830
v -1.279512 1.660962 0.419078
v -1.306722 1.660962 0.446176
v -1.283882 1.675461 0.414690
v -1.311092 1.675461 0.441788
v -1.282482 1.685134 0.416095
v -1.309692 1.685134 0.443194
v -1.278514 1.692506 0.420081
v -1.305723 1.692506 0.447179
v -1.272323 1.697203 0.426297
v -1.299532 1.697203 0.453395
v -1.264256 1.698851 0.434396
v -1.291466 1.698851 0.461495
v -1.260565 1.698466 0.438103
v -1.287774 1.698466 0.465201
v -1.256908 1.697309 0.441774
v -1.284118 1.697309 0.468873
v -1.253323 1.695381 0.445374
v -1.280533 1.695381 0.472472
v -1.249845 1.692682 0.448867
v -1.277055 1.692682 0.475965
v -1.249845 1.678417 0.448867
v -1.277055 1.678417 0.475965
v -1.229840 1.660167 0.468954
v -1.257049 1.660167 0.496052
v -1.227161 1.663864 0.471643
v -1.254371 1.663864 0.498742
v -1.224056 1.666609 0.474761
v -1.251266 1.666609 0.501859
v -1.220667 1.668318 0.478164
v -1.247876 1.668318 0.505263
v -1.217135 1.668906 0.481711
v -1.244345 1.668906 0.508809
v -1.211469 1.667495 0.487400
v -1.238678 1.667495 0.514499
v -1.206860 1.663203 0.492028
v -1.234069 1.663203 0.519126
v -1.203762 1.655948 0.495138
v -1.230972 1.655948 0.522237
v -1.202629 1.645645 0.496276
v -1.229839 1.645645 0.523375
v -1.202629 1.610045 0.496276
v -1.229839 1.610045 0.523375
v -1.211067 1.610045 0.487803
v -1.238277 1.610045 0.514902
v -1.211067 1.645773 0.487803
v -1.238277 1.645773 0.514902
v -1.211651 1.651540 0.487217
v -1.238860 1.651540 0.514316
v -1.213319 1.655958 0.485542
v -1.240529 1.655958 0.512641
v -1.215947 1.658786 0.482904
v -1.243157 1.658786 0.510002
v -1.219411 1.659782 0.479426
v -1.246620 1.659782 0.506524
v -1.222070 1.659326 0.476756
v -1.249279 1.659326 0.503854
v -1.224613 1.657870 0.474202
v -1.251823 1.657870 0.501300
v -1.227210 1.655282 0.471594
v -1.254420 1.655282 0.498692
v -1.230030 1.651428 0.468763
v -1.257239 1.651428 0.495862
v -1.230030 1.610045 0.468763
v -1.257239 1.610045 0.495862
v -1.238468 1.610045 0.460291
v -1.265677 1.610045 0.487389
v -1.238468 1.667750 0.460291
v -1.265677 1.667750 0.487389
v -1.230030 1.667750 0.468763
v -1.257239 1.667750 0.495862
v -1.230030 1.660167 0.468763
v -1.257239 1.660167 0.495862
v -1.149603 1.626997 0.549520
v -1.176812 1.626997 0.576618
v -1.154323 1.617338 0.544780
v -1.181532 1.617338 0.571879
v -1.161602 1.611101 0.537471
v -1.188812 1.611101 0.564569
v -1.170962 1.608888 0.528073
v -1.198171 1.608888 0.555171
v -1.179993 1.611174 0.519005
v -1.207202 1.611174 0.546104
v -1.187104 1.617531 0.511865
v -1.214313 1.617531 0.538964
v -1.191761 1.627214 0.507188
v -1.218971 1.627214 0.534287
v -1.193432 1.639476 0.505511
v -1.220642 1.639476 0.532609
v -1.191708 1.651069 0.507242
v -1.218917 1.651069 0.534340
v -1.186962 1.660408 0.512008
v -1.214171 1.660408 0.539106
v -1.179833 1.666639 0.519166
v -1.207042 1.666639 0.546264
v -1.170962 1.668906 0.528073
v -1.198171 1.668906 0.555171
v -1.161722 1.666712 0.537350
v -1.188932 1.666712 0.564449
v -1.154429 1.660601 0.544673
v -1.181639 1.660601 0.571772
v -1.149643 1.651285 0.549480
v -1.176852 1.651285 0.576578
v -1.147923 1.639476 0.551207
v -1.175132 1.639476 0.578305
v -1.183803 1.631152 0.515179
v -1.211013 1.631152 0.542278
v -1.180988 1.624744 0.518005
v -1.208198 1.624744 0.545104
v -1.176645 1.620626 0.522367
v -1.203854 1.620626 0.549465
v -1.171057 1.619170 0.527978
v -1.198266 1.619170 0.555076
v -1.165030 1.620569 0.534029
v -1.192240 1.620569 0.561127
v -1.160462 1.624584 0.538616
v -1.187671 1.624584 0.565715
v -1.157564 1.630935 0.541526
v -1.184774 1.630935 0.568624
v -1.156551 1.639347 0.542543
v -1.183760 1.639347 0.569642
v -1.157631 1.647076 0.541459
v -1.184840 1.647076 0.568557
v -1.160640 1.653179 0.538438
v -1.187849 1.653179 0.565536
v -1.165231 1.657185 0.533828
v -1.192440 1.657185 0.560926
v -1.171057 1.658625 0.527978
v -1.198266 1.658625 0.555076
v -1.176565 1.657187 0.522447
v -1.203774 1.657187 0.549546
v -1.180917 1.653195 0.518077
v -1.208127 1.653195 0.545175
v -1.183776 1.647131 0.515206
v -1.210986 1.647131 0.542304
v -1.184805 1.639476 0.514174
v -1.212014 1.639476 0.541272
v -1.085348 1.667750 0.614038
v -1.112557 1.667750 0.641137
v -1.076340 1.667750 0.623082
v -1.103550 1.667750 0.650181
v -1.095113 1.608888 0.604233
v -1.122323 1.608888 0.631331
v -1.097768 1.608888 0.601567
v -1.124977 1.608888 0.628666
v -1.110378 1.649243 0.588906
v -1.137587 1.649243 0.616004
v -1.122893 1.608888 0.576339
v -1.150102 1.608888 0.603438
v -1.125548 1.608888 0.573674
v -1.152757 1.608888 0.600772
v -1.144510 1.667750 0.554634
v -1.171719 1.667750 0.581732
v -1.135503 1.667750 0.563678
v -1.162712 1.667750 0.590776
v -1.124315 1.632793 0.574911
v -1.151524 1.632793 0.602010
v -1.113506 1.667750 0.585764
v -1.140716 1.667750 0.612862
v -1.107249 1.667750 0.592047
v -1.134458 1.667750 0.619146
v -1.096440 1.632793 0.602900
v -1.123650 1.632793 0.629998
v -0.992400 1.612792 0.707367
v -1.019609 1.612792 0.734465
v -0.998358 1.610559 0.701384
v -1.025568 1.610559 0.728483
v -1.004388 1.609290 0.695330
v -1.031597 1.609290 0.722429
v -1.010826 1.608888 0.688866
v -1.038035 1.608888 0.715964
v -1.024563 1.612222 0.675072
v -1.051773 1.612222 0.702170
v -1.035465 1.621483 0.664125
v -1.062674 1.621483 0.691224
v -1.042651 1.635564 0.656910
v -1.069861 1.635564 0.684008
v -1.045242 1.653356 0.654308
v -1.072452 1.653356 0.681406
v -1.042594 1.671362 0.656968
v -1.069803 1.671362 0.684066
v -1.035287 1.685791 0.664304
v -1.062497 1.685791 0.691402
v -1.024283 1.695375 0.675353
v -1.051493 1.695375 0.702452
v -1.010541 1.698851 0.689151
v -1.037751 1.698851 0.716250
v -1.005168 1.698500 0.694546
v -1.032378 1.698500 0.721645
v -0.999982 1.697293 0.699754
v -1.027191 1.697293 0.726852
v -0.994315 1.695002 0.705444
v -1.021525 1.695002 0.732542
v -0.987502 1.691397 0.712285
v -1.014712 1.691397 0.739383
v -0.987502 1.678674 0.712285
v -1.014712 1.678674 0.739383
v -0.993238 1.682405 0.706525
v -1.020448 1.682405 0.733624
v -0.999046 1.685100 0.700694
v -1.026255 1.685100 0.727793
v -1.004888 1.686734 0.694827
v -1.032098 1.686734 0.721926
v -1.010731 1.687285 0.688961
v -1.037941 1.687285 0.716059
v -1.020547 1.684718 0.679105
v -1.047756 1.684718 0.706203
v -1.028461 1.677646 0.671158
v -1.055670 1.677646 0.698257
v -1.033744 1.667007 0.665854
v -1.060953 1.667007 0.692952
v -1.035666 1.653741 0.663923
v -1.062876 1.653741 0.691022
v -1.033738 1.640299 0.665860
v -1.060947 1.640299 0.692958
v -1.028342 1.629773 0.671277
v -1.055552 1.629773 0.698376
v -1.020067 1.622909 0.679587
v -1.047276 1.622909 0.706685
v -1.009498 1.620455 0.690198
v -1.036708 1.620455 0.717297
v -1.005813 1.620726 0.693899
v -1.033022 1.620726 0.720998
v -1.002269 1.621467 0.697457
v -1.029479 1.621467 0.724556
v -0.998832 1.622570 0.700908
v -1.026042 1.622570 0.728007
v -0.995466 1.623925 0.704288
v -1.022676 1.623925 0.731386
v -0.995466 1.641918 0.704288
v -1.022676 1.641918 0.731386
v -1.007887 1.641918 0.691817
v -1.035096 1.641918 0.718915
v -1.007887 1.653227 0.691817
v -1.035096 1.653227 0.718915
v -0.986175 1.653227 0.713618
v -1.013384 1.653227 0.740716
v -0.986175 1.616085 0.713618
v -1.013384 1.616085 0.740716
v -0.964842 1.654512 0.735038
v -0.992052 1.654512 0.762136
v -0.964653 1.654512 0.735228
v -0.991862 1.654512 0.762326
v -0.961487 1.661045 0.738407
v -0.988696 1.661045 0.765505
v -0.958383 1.665517 0.741523
v -0.985593 1.665517 0.768621
v -0.955333 1.668085 0.744586
v -0.982543 1.668085 0.771684
v -0.952327 1.668906 0.747604
v -0.979537 1.668906 0.774702
v -0.949796 1.668495 0.750146
v -0.977005 1.668495 0.777244
v -0.947290 1.667252 0.752661
v -0.974500 1.667252 0.779760
v -0.944768 1.665165 0.755195
v -0.971977 1.665165 0.782293
v -0.942182 1.662224 0.757790
v -0.969392 1.662224 0.784889
v -0.946639 1.652328 0.753316
v -0.973848 1.652328 0.780414
v -0.948668 1.654621 0.751278
v -0.975878 1.654621 0.778376
v -0.950787 1.656408 0.749151
v -0.977996 1.656408 0.776249
v -0.952798 1.657569 0.747131
v -0.980008 1.657569 0.774229
v -0.954508 1.657982 0.745414
v -0.981717 1.657982 0.772513
v -0.958563 1.656603 0.741343
v -0.985772 1.656603 0.768441
v -0.961844 1.652826 0.738048
v -0.989053 1.652826 0.765147
v -0.964041 1.647193 0.735842
v -0.991250 1.647193 0.762941
v -0.964842 1.640247 0.735038
v -0.992052 1.640247 0.762136
v -0.964842 1.610045 0.735038
v -0.992052 1.610045 0.762136
v -0.973281 1.610045 0.726565
v -1.000490 1.610045 0.753663
v -0.973281 1.667750 0.726565
v -1.000490 1.667750 0.753663
v -0.964842 1.667750 0.735038
v -0.992052 1.667750 0.762136
v -0.905851 1.611220 0.794271
v -0.933060 1.611220 0.821370
v -0.907849 1.609836 0.792265
v -0.935058 1.609836 0.819363
v -0.909616 1.609103 0.790490
v -0.936826 1.609103 0.817588
v -0.911464 1.608888 0.788635
v -0.938673 1.608888 0.815733
v -0.913924 1.609234 0.786164
v -0.941134 1.609234 0.813263
v -0.915789 1.610302 0.784292
v -0.942999 1.610302 0.811390
v -0.917103 1.612141 0.782972
v -0.944313 1.612141 0.810071
v -0.917911 1.614800 0.782161
v -0.945120 1.614800 0.809260
v -0.920717 1.612196 0.779344
v -0.947926 1.612196 0.806442
v -0.923576 1.610350 0.776473
v -0.950785 1.610350 0.803572
v -0.926471 1.609252 0.773567
v -0.953680 1.609252 0.800665
v -0.929383 1.608888 0.770642
v -0.956592 1.608888 0.797741
v -0.933652 1.610049 0.766355
v -0.960862 1.610049 0.793454
v -0.936944 1.613162 0.763050
v -0.964154 1.613162 0.790148
v -0.939063 1.617672 0.760923
v -0.966272 1.617672 0.788021
v -0.939812 1.623025 0.760170
v -0.967022 1.623025 0.787269
v -0.938506 1.630232 0.761482
v -0.965715 1.630232 0.788581
v -0.935119 1.635186 0.764883
v -0.962328 1.635186 0.791981
v -0.930453 1.638622 0.769568
v -0.957662 1.638622 0.796667
v -0.925306 1.641275 0.774736
v -0.952516 1.641275 0.801834
v -0.917816 1.644873 0.782257
v -0.945025 1.644873 0.809355
v -0.917816 1.647958 0.782257
v -0.945025 1.647958 0.809355
v -0.918296 1.652581 0.781775
v -0.945505 1.652581 0.808873
v -0.919736 1.655733 0.780329
v -0.946945 1.655733 0.807427
v -0.922136 1.657537 0.777919
v -0.949345 1.657537 0.805018
v -0.925496 1.658111 0.774545
v -0.952705 1.658111 0.801644
v -0.928986 1.657547 0.771041
v -0.956195 1.657547 0.798139
v -0.932441 1.655814 0.767572
v -0.959650 1.655814 0.794670
v -0.935789 1.652852 0.764210
v -0.962998 1.652852 0.791309
v -0.938959 1.648601 0.761027
v -0.966168 1.648601 0.788126
v -0.938959 1.661067 0.761027
v -0.966168 1.661067 0.788126
v -0.936218 1.664515 0.763779
v -0.963428 1.664515 0.790877
v -0.932962 1.666963 0.767048
v -0.960172 1.666963 0.794147
v -0.929173 1.668423 0.770854
v -0.956382 1.668423 0.797952
v -0.924832 1.668906 0.775212
v -0.952042 1.668906 0.802310
v -0.918777 1.667778 0.781291
v -0.945987 1.667778 0.808390
v -0.913869 1.664312 0.786219
v -0.941079 1.664312 0.813318
v -0.910579 1.658388 0.789523
v -0.937789 1.658388 0.816621
v -0.909378 1.649886 0.790729
v -0.936587 1.649886 0.817828
v -0.909378 1.620198 0.790729
v -0.936587 1.620198 0.817828
v -0.909273 1.618814 0.790835
v -0.936482 1.618814 0.817933
v -0.908963 1.617901 0.791146
v -0.936172 1.617901 0.818244
v -0.908458 1.617397 0.791653
v -0.935667 1.617397 0.818752
v -0.907766 1.617242 0.792348
v -0.934975 1.617242 0.819446
v -0.906976 1.617453 0.793141
v -0.934186 1.617453 0.820239
v -0.905929 1.618061 0.794192
v -0.933138 1.618061 0.821291
v -0.904686 1.619031 0.795440
v -0.931896 1.619031 0.822539
v -0.903310 1.620327 0.796822
v -0.930519 1.620327 0.823921
v -0.903310 1.613387 0.796822
v -0.930519 1.613387 0.823921
v -0.922960 1.636016 0.777092
v -0.950169 1.636016 0.804190
v -0.927250 1.633130 0.772784
v -0.954459 1.633130 0.799883
v -0.930189 1.629594 0.769833
v -0.957398 1.629594 0.796931
v -0.931279 1.625082 0.768738
v -0.958489 1.625082 0.795837
v -0.930824 1.621810 0.769195
v -0.958034 1.621810 0.796293
v -0.929561 1.619250 0.770464
v -0.956770 1.619250 0.797562
v -0.927639 1.617581 0.772393
v -0.954849 1.617581 0.799491
v -0.925211 1.616985 0.774831
v -0.952421 1.616985 0.801929
v -0.923256 1.617312 0.776795
v -0.950465 1.617312 0.803893
v -0.921371 1.618254 0.778687
v -0.948581 1.618254 0.805785
v -0.919558 1.619750 0.780507
v -0.946768 1.619750 0.807606
v -0.917816 1.621740 0.782257
v -0.945025 1.621740 0.809355
v -0.917816 1.638576 0.782257
v -0.945025 1.638576 0.809355
v -0.896389 1.580486 0.803772
v -0.923598 1.580486 0.830870
v -0.896389 1.667750 0.803772
v -0.923598 1.667750 0.830870
v -0.881788 1.667750 0.818433
v -0.908997 1.667750 0.845531
v -0.871480 1.665846 0.828783
v -0.898689 1.665846 0.855881
v -0.863963 1.660231 0.836330
v -0.891173 1.660231 0.863429
v -0.859362 1.651050 0.840950
v -0.886571 1.651050 0.868049
v -0.857800 1.638448 0.842518
v -0.885010 1.638448 0.869617
v -0.859405 1.626509 0.840907
v -0.886614 1.626509 0.868006
v -0.863880 1.617162 0.836414
v -0.891090 1.617162 0.863512
v -0.870720 1.611067 0.829546
v -0.897929 1.611067 0.856644
v -0.879417 1.608888 0.820813
v -0.906627 1.608888 0.847911
v -0.881457 1.609037 0.818764
v -0.908667 1.609037 0.845863
v -0.883506 1.609499 0.816707
v -0.910716 1.609499 0.843806
v -0.885644 1.610298 0.814561
v -0.912853 1.610298 0.841659
v -0.887950 1.611459 0.812245
v -0.915160 1.611459 0.839343
v -0.887950 1.580486 0.812245
v -0.915160 1.580486 0.839343
v -0.885999 1.620634 0.814204
v -0.913209 1.620634 0.841302
v -0.884004 1.619828 0.816207
v -0.911213 1.619828 0.843306
v -0.881991 1.619336 0.818229
v -0.909200 1.619336 0.845327
v -0.879986 1.619170 0.820241
v -0.907196 1.619170 0.847340
v -0.874548 1.620630 0.825702
v -0.901757 1.620630 0.852800
v -0.870256 1.624680 0.830011
v -0.897466 1.624680 0.857110
v -0.867440 1.630827 0.832839
v -0.894650 1.630827 0.859937
v -0.866428 1.638576 0.833855
v -0.893638 1.638576 0.860953
v -0.867298 1.646570 0.832982
v -0.894507 1.646570 0.860080
v -0.869901 1.652504 0.830368
v -0.897110 1.652504 0.857467
v -0.874228 1.656197 0.826023
v -0.901437 1.656197 0.853122
v -0.880271 1.657468 0.819956
v -0.907480 1.657468 0.847054
v -0.887950 1.657468 0.812245
v -0.915160 1.657468 0.839343
v -0.887950 1.621740 0.812245
v -0.915160 1.621740 0.839343
v -0.839976 1.660167 0.860416
v -0.867185 1.660167 0.887514
v -0.837297 1.663864 0.863105
v -0.864507 1.663864 0.890204
v -0.834192 1.666609 0.866223
v -0.861402 1.666609 0.893321
v -0.830803 1.668318 0.869626
v -0.858012 1.668318 0.896725
v -0.827271 1.668906 0.873173
v -0.854481 1.668906 0.900271
v -0.821485 1.667455 0.878983
v -0.848694 1.667455 0.906081
v -0.816889 1.663075 0.883597
v -0.844099 1.663075 0.910695
v -0.813858 1.655731 0.886640
v -0.841068 1.655731 0.913739
v -0.812765 1.645388 0.887738
v -0.839975 1.645388 0.914837
v -0.812765 1.610045 0.887738
v -0.839975 1.610045 0.914837
v -0.821203 1.610045 0.879265
v -0.848413 1.610045 0.906364
v -0.821203 1.645773 0.879265
v -0.848413 1.645773 0.906364
v -0.821787 1.651540 0.878679
v -0.848996 1.651540 0.905778
v -0.823455 1.655958 0.877004
v -0.850664 1.655958 0.904103
v -0.826083 1.658786 0.874366
v -0.853293 1.658786 0.901464
v -0.829547 1.659782 0.870888
v -0.856756 1.659782 0.897986
v -0.832206 1.659326 0.868218
v -0.859415 1.659326 0.895316
v -0.834749 1.657870 0.865664
v -0.861959 1.657870 0.892762
v -0.837346 1.655282 0.863056
v -0.864556 1.655282 0.890154
v -0.840166 1.651428 0.860225
v -0.867375 1.651428 0.887324
v -0.840166 1.610045 0.860225
v -0.867375 1.610045 0.887324
v -0.848604 1.610045 0.851753
v -0.875813 1.610045 0.878851
v -0.848604 1.697695 0.851753
v -0.875813 1.697695 0.878851
v -0.840166 1.697695 0.860225
v -0.867375 1.697695 0.887324
v -0.840166 1.660167 0.860225
v -0.867375 1.660167 0.887324
v -0.800819 1.610045 0.899733
v -0.828028 1.610045 0.926832
v -0.800819 1.667750 0.899733
v -0.828028 1.667750 0.926832
v -0.792381 1.667750 0.908206
v -0.819590 1.667750 0.935305
v -0.792381 1.610045 0.908206
v -0.819590 1.610045 0.935305
v -0.798497 1.678957 0.902064
v -0.825707 1.678957 0.929163
v -0.800096 1.680425 0.900459
v -0.827305 1.680425 0.927558
v -0.801179 1.682592 0.899372
v -0.828388 1.682592 0.926470
v -0.801577 1.685228 0.898972
v -0.828787 1.685228 0.926070
v -0.801179 1.687865 0.899372
v -0.828388 1.687865 0.926470
v -0.800096 1.690032 0.900459
v -0.827305 1.690032 0.927558
v -0.798497 1.691500 0.902064
v -0.825707 1.691500 0.929163
v -0.796552 1.692040 0.904017
v -0.823762 1.692040 0.931116
v -0.794607 1.691500 0.905970
v -0.821817 1.691500 0.933069
v -0.793009 1.690032 0.907575
v -0.820218 1.690032 0.934674
v -0.791926 1.687865 0.908663
v -0.819135 1.687865 0.935761
v -0.791527 1.685228 0.909063
v -0.818737 1.685228 0.936161
v -0.791926 1.682592 0.908663
v -0.819135 1.682592 0.935761
v -0.793009 1.680425 0.907575
v -0.820218 1.680425 0.934674
v -0.794607 1.678957 0.905970
v -0.821817 1.678957 0.933069
v -0.796552 1.678417 0.904017
v -0.823762 1.678417 0.931116
v -0.752314 1.655440 0.948437
v -0.779523 1.655440 0.975535
v -0.755262 1.657179 0.945477
v -0.782471 1.657179 0.972575
v -0.757997 1.658099 0.942731
v -0.785206 1.658099 0.969829
v -0.760714 1.658368 0.940003
v -0.787923 1.658368 0.967101
v -0.765983 1.656960 0.934712
v -0.793193 1.656960 0.961810
v -0.770088 1.652986 0.930590
v -0.797298 1.652986 0.957688
v -0.772753 1.646819 0.927914
v -0.799963 1.646819 0.955012
v -0.773703 1.638833 0.926961
v -0.800912 1.638833 0.954059
v -0.772678 1.630799 0.927990
v -0.799887 1.630799 0.955088
v -0.769768 1.624776 0.930911
v -0.796978 1.624776 0.958010
v -0.765223 1.620995 0.935475
v -0.792433 1.620995 0.962573
v -0.759292 1.619684 0.941431
v -0.786501 1.619684 0.968529
v -0.756609 1.619925 0.944125
v -0.783818 1.619925 0.971223
v -0.753899 1.620648 0.946845
v -0.781109 1.620648 0.973944
v -0.751065 1.621853 0.949691
v -0.778275 1.621853 0.976789
v -0.748009 1.623539 0.952760
v -0.775218 1.623539 0.979858
v -0.748009 1.612230 0.952760
v -0.775218 1.612230 0.979858
v -0.750567 1.610949 0.950191
v -0.777777 1.610949 0.977289
v -0.753757 1.609884 0.946988
v -0.780966 1.609884 0.974087
v -0.757249 1.609157 0.943482
v -0.784458 1.609157 0.970581
v -0.760714 1.608888 0.940003
v -0.787923 1.608888 0.967101
v -0.769451 1.611021 0.931230
v -0.796661 1.611021 0.958328
v -0.776286 1.616985 0.924366
v -0.803496 1.616985 0.951465
v -0.780740 1.626130 0.919895
v -0.807949 1.626130 0.946993
v -0.782331 1.637805 0.918297
v -0.809540 1.637805 0.945396
v -0.780855 1.650689 0.919779
v -0.808065 1.650689 0.946877
v -0.776642 1.660489 0.924009
v -0.803851 1.660489 0.951108
v -0.770011 1.666722 0.930667
v -0.797221 1.666722 0.957766
v -0.761283 1.668906 0.939432
v -0.788492 1.668906 0.966530
v -0.757850 1.668627 0.942878
v -0.785060 1.668627 0.969977
v -0.754800 1.667830 0.945941
v -0.782009 1.667830 0.973039
v -0.751910 1.666575 0.948843
v -0.779119 1.666575 0.975942
v -0.748957 1.664922 0.951808
v -0.776167 1.664922 0.978906
v -0.748957 1.652713 0.951808
v -0.776167 1.652713 0.978906
v -0.717458 1.655575 0.983436
v -0.744667 1.655575 1.010535
v -0.720739 1.657452 0.980142
v -0.747948 1.657452 1.007240
v -0.723718 1.658535 0.977150
v -0.750928 1.658535 1.004249
v -0.726297 1.658882 0.974560
v -0.753507 1.658882 1.001659
v -0.728611 1.658492 0.972237
v -0.755821 1.658492 0.999335
v -0.730374 1.657404 0.970467
v -0.757584 1.657404 0.997565
v -0.731497 1.655737 0.969339
v -0.758706 1.655737 0.996438
v -0.731891 1.653613 0.968944
v -0.759100 1.653613 0.996042
v -0.731330 1.651552 0.969507
v -0.758539 1.651552 0.996606
v -0.729533 1.649083 0.971312
v -0.756742 1.649083 0.998410
v -0.726331 1.645986 0.974526
v -0.753541 1.645986 1.001625
v -0.721557 1.642046 0.979320
v -0.748766 1.642046 1.006419
v -0.717101 1.637691 0.983795
v -0.744310 1.637691 1.010893
v -0.714138 1.633805 0.986770
v -0.741347 1.633805 1.013868
v -0.712490 1.629992 0.988424
v -0.739700 1.629992 1.015522
v -0.711981 1.625853 0.988936
v -0.739190 1.625853 1.016034
v -0.713040 1.618919 0.987872
v -0.740249 1.618919 1.014971
v -0.715975 1.613563 0.984925
v -0.743184 1.613563 1.012024
v -0.720420 1.610111 0.980461
v -0.747630 1.610111 1.007560
v -0.726013 1.608888 0.974846
v -0.753222 1.608888 1.001944
v -0.729750 1.609169 0.971093
v -0.756960 1.609169 0.998191
v -0.733301 1.610077 0.967528
v -0.760511 1.610077 0.994626
v -0.736906 1.611708 0.963908
v -0.764115 1.611708 0.991007
v -0.740803 1.614158 0.959995
v -0.768013 1.614158 0.987093
v -0.740803 1.626495 0.959995
v -0.768013 1.626495 0.987093
v -0.736786 1.623142 0.964029
v -0.763995 1.623142 0.991127
v -0.733052 1.620776 0.967777
v -0.760262 1.620776 0.994876
v -0.729710 1.619375 0.971133
v -0.756920 1.619375 0.998232
v -0.726866 1.618913 0.973989
v -0.754076 1.618913 1.001088
v -0.724448 1.619467 0.976417
v -0.751658 1.619467 1.003515
v -0.722457 1.620744 0.978416
v -0.749667 1.620744 1.005515
v -0.721106 1.622744 0.979773
v -0.748316 1.622744 1.006871
v -0.720608 1.625467 0.980272
v -0.747818 1.625467 1.007371
v -0.723719 1.630980 0.977149
v -0.750929 1.630980 1.004247
v -0.730564 1.636504 0.970276
v -0.757773 1.636504 0.997375
v -0.737408 1.643450 0.963404
v -0.764617 1.643450 0.990503
v -0.740519 1.653227 0.960280
v -0.767728 1.653227 0.987379
v -0.739526 1.659798 0.961277
v -0.766736 1.659798 0.988375
v -0.736703 1.664730 0.964112
v -0.763912 1.664730 0.991211
v -0.732279 1.667830 0.968554
v -0.759489 1.667830 0.995652
v -0.726487 1.668906 0.974370
v -0.753696 1.668906 1.001468
v -0.723478 1.668615 0.977391
v -0.750687 1.668615 1.004490
v -0.720407 1.667734 0.980475
v -0.747616 1.667734 1.007573
v -0.717247 1.666250 0.983648
v -0.744457 1.666250 1.010746
v -0.713972 1.664151 0.986936
v -0.741181 1.664151 1.014035
v -0.713972 1.652842 0.986936
v -0.741181 1.652842 1.014035
v -0.648078 1.682825 1.053100
v -0.675287 1.682825 1.080199
v -0.652013 1.685630 1.049150
v -0.679222 1.685630 1.076248
v -0.655734 1.687110 1.045413
v -0.682943 1.687110 1.072511
v -0.659171 1.687542 1.041962
v -0.686380 1.687542 1.069060
v -0.663291 1.686783 1.037825
v -0.690500 1.686783 1.064924
v -0.666530 1.684650 1.034572
v -0.693740 1.684650 1.061671
v -0.668650 1.681361 1.032444
v -0.695860 1.681361 1.059542
v -0.669410 1.677132 1.031680
v -0.696620 1.677132 1.058779
v -0.665040 1.667003 1.036069
v -0.692250 1.667003 1.063167
v -0.655426 1.659043 1.045722
v -0.682635 1.659043 1.072821
v -0.645811 1.649010 1.055376
v -0.673021 1.649010 1.082475
v -0.641441 1.632664 1.059764
v -0.668651 1.632664 1.086863
v -0.642804 1.623148 1.058396
v -0.670013 1.623148 1.085494
v -0.646585 1.615620 1.054600
v -0.673794 1.615620 1.081698
v -0.652321 1.610669 1.048840
v -0.679530 1.610669 1.075939
v -0.659550 1.608888 1.041581
v -0.686759 1.608888 1.068680
v -0.664579 1.609376 1.036531
v -0.691789 1.609376 1.063630
v -0.669209 1.610864 1.031883
v -0.696418 1.610864 1.058981
v -0.673536 1.613389 1.027538
v -0.700746 1.613389 1.054636
v -0.677659 1.616985 1.023398
v -0.704868 1.616985 1.050496
v -0.677659 1.632921 1.023398
v -0.704868 1.632921 1.050496
v -0.673886 1.627463 1.027187
v -0.701095 1.627463 1.054285
v -0.669730 1.623475 1.031359
v -0.696940 1.623475 1.058457
v -0.665273 1.621029 1.035835
v -0.692482 1.621029 1.062933
v -0.660593 1.620198 1.040534
v -0.687802 1.620198 1.067632
v -0.655909 1.621238 1.045238
v -0.683118 1.621238 1.072336
v -0.652629 1.623893 1.048531
v -0.679838 1.623893 1.075629
v -0.650700 1.627463 1.050467
v -0.677909 1.627463 1.077566
v -0.650069 1.631251 1.051101
v -0.677278 1.631251 1.078200
v -0.654439 1.642424 1.046713
v -0.681649 1.642424 1.073812
v -0.664054 1.651139 1.037059
v -0.691263 1.651139 1.064158
v -0.673668 1.660962 1.027405
v -0.700877 1.660962 1.054504
v -0.678038 1.675461 1.023017
v -0.705248 1.675461 1.050116
v -0.676638 1.685134 1.024423
v -0.703848 1.685134 1.051521
v -0.672670 1.692506 1.028408
v -0.699879 1.692506 1.055506
v -0.666479 1.697203 1.034624
v -0.693688 1.697203 1.061723
v -0.658412 1.698851 1.042724
v -0.685622 1.698851 1.069822
v -0.654721 1.698466 1.046430
v -0.681930 1.698466 1.073529
v -0.651064 1.697309 1.050102
v -0.678274 1.697309 1.077200
v -0.647479 1.695381 1.053701
v -0.674689 1.695381 1.080800
v -0.644001 1.692682 1.057194
v -0.671210 1.692682 1.084292
v -0.644001 1.678417 1.057194
v -0.671210 1.678417 1.084292
v -0.636416 1.580486 1.064810
v -0.663626 1.580486 1.091908
v -0.621910 1.622383 1.079376
v -0.649119 1.622383 1.106474
v -0.638407 1.667750 1.062811
v -0.665617 1.667750 1.089909
v -0.628831 1.667750 1.072426
v -0.656041 1.667750 1.099524
v -0.617359 1.635235 1.083945
v -0.644568 1.635235 1.111044
v -0.606361 1.667750 1.094988
v -0.633570 1.667750 1.122087
v -0.596880 1.667750 1.104508
v -0.624089 1.667750 1.131607
v -0.627030 1.580486 1.074235
v -0.654239 1.580486 1.101333
v -0.569647 1.655575 1.131853
v -0.596856 1.655575 1.158952
v -0.572928 1.657452 1.128558
v -0.600137 1.657452 1.155657
v -0.575907 1.658535 1.125567
v -0.603117 1.658535 1.152665
v -0.578486 1.658882 1.122977
v -0.605696 1.658882 1.150076
v -0.580800 1.658492 1.120654
v -0.608010 1.658492 1.147752
v -0.582563 1.657404 1.118884
v -0.609773 1.657404 1.145982
v -0.583686 1.655737 1.117756
v -0.610896 1.655737 1.144854
v -0.584080 1.653613 1.117360
v -0.611290 1.653613 1.144459
v -0.583519 1.651552 1.117924
v -0.610728 1.651552 1.145023
v -0.581722 1.649083 1.119728
v -0.608931 1.649083 1.146827
v -0.578520 1.645986 1.122943
v -0.605730 1.645986 1.150041
v -0.573746 1.642046 1.127737
v -0.600955 1.642046 1.154836
v -0.569290 1.637691 1.132212
v -0.596499 1.637691 1.159310
v -0.566327 1.633805 1.135187
v -0.593536 1.633805 1.162285
v -0.564679 1.629992 1.136841
v -0.591889 1.629992 1.163939
v -0.564170 1.625853 1.137352
v -0.591379 1.625853 1.164451
v -0.565229 1.618919 1.136289
v -0.592439 1.618919 1.163387
v -0.568164 1.613563 1.133342
v -0.595373 1.613563 1.160440
v -0.572610 1.610111 1.128878
v -0.599819 1.610111 1.155977
v -0.578202 1.608888 1.123263
v -0.605411 1.608888 1.150361
v -0.581940 1.609169 1.119510
v -0.609149 1.609169 1.146608
v -0.585491 1.610077 1.115944
v -0.612700 1.610077 1.143043
v -0.589095 1.611708 1.112325
v -0.616304 1.611708 1.139424
v -0.592992 1.614158 1.108412
v -0.620202 1.614158 1.135510
v -0.592992 1.626495 1.108412
v -0.620202 1.626495 1.135510
v -0.588975 1.623142 1.112446
v -0.616184 1.623142 1.139544
v -0.585242 1.620776 1.116194
v -0.612451 1.620776 1.143293
v -0.581900 1.619375 1.119550
v -0.609109 1.619375 1.146648
v -0.579055 1.618913 1.122406
v -0.606265 1.618913 1.149504
v -0.576638 1.619467 1.124834
v -0.603847 1.619467 1.151932
v -0.574646 1.620744 1.126833
v -0.601856 1.620744 1.153931
v -0.573295 1.622744 1.128189
v -0.600505 1.622744 1.155288
v -0.572798 1.625467 1.128689
v -0.600007 1.625467 1.155788
v -0.575909 1.630980 1.125565
v -0.603118 1.630980 1.152664
v -0.582753 1.636504 1.118693
v -0.609962 1.636504 1.145792
v -0.589597 1.643450 1.111821
v -0.616807 1.643450 1.138919
v -0.592708 1.653227 1.108697
v -0.619918 1.653227 1.135796
v -0.591715 1.659798 1.109694
v -0.618925 1.659798 1.136792
v -0.588892 1.664730 1.112529
v -0.616101 1.664730 1.139627
v -0.584468 1.667830 1.116971
v -0.611678 1.667830 1.144069
v -0.578676 1.668906 1.122787
v -0.605885 1.668906 1.149885
v -0.575667 1.668615 1.125808
v -0.602877 1.668615 1.152906
v -0.572596 1.667734 1.128891
v -0.599806 1.667734 1.155990
v -0.569436 1.666250 1.132064
v -0.596646 1.666250 1.159163
v -0.566161 1.664151 1.135353
v -0.593370 1.664151 1.162452
v -0.566161 1.652842 1.135353
v -0.593370 1.652842 1.162452
v -0.531081 1.667750 1.170577
v -0.558290 1.667750 1.197676
v -0.531081 1.657468 1.170577
v -0.558290 1.657468 1.197676
v -0.544544 1.657468 1.157059
v -0.571753 1.657468 1.184157
v -0.544544 1.627909 1.157059
v -0.571753 1.627909 1.184157
v -0.543942 1.623670 1.157663
v -0.571152 1.623670 1.184761
v -0.542434 1.620985 1.159177
v -0.569644 1.620985 1.186275
v -0.540464 1.619578 1.161155
v -0.567674 1.619578 1.188254
v -0.538476 1.619170 1.163152
v -0.565685 1.619170 1.190250
v -0.536180 1.619435 1.165457
v -0.563389 1.619435 1.192556
v -0.533830 1.620230 1.167816
v -0.561040 1.620230 1.194915
v -0.531410 1.621555 1.170247
v -0.558619 1.621555 1.197345
v -0.528900 1.623411 1.172767
v -0.556109 1.623411 1.199865
v -0.528900 1.612744 1.172767
v -0.556109 1.612744 1.199865
v -0.531353 1.611220 1.170303
v -0.558563 1.611220 1.197402
v -0.534091 1.609997 1.167554
v -0.561300 1.609997 1.194653
v -0.536793 1.609184 1.164841
v -0.564003 1.609184 1.191940
v -0.539140 1.608888 1.162485
v -0.566349 1.608888 1.189584
v -0.545182 1.610256 1.156418
v -0.572392 1.610256 1.183516
v -0.549510 1.614045 1.152073
v -0.576719 1.614045 1.179171
v -0.552112 1.619786 1.149459
v -0.579322 1.619786 1.176558
v -0.552982 1.627010 1.148586
v -0.580192 1.627010 1.175684
v -0.552982 1.657468 1.148586
v -0.580192 1.657468 1.175684
v -0.560377 1.657468 1.141160
v -0.587587 1.657468 1.168259
v -0.560377 1.658754 1.141160
v -0.587587 1.658754 1.168259
v -0.544544 1.679702 1.157059
v -0.571753 1.679702 1.184157
v -0.544544 1.667750 1.157059
v -0.571753 1.667750 1.184157
v -0.491076 1.612684 1.210746
v -0.518286 1.612684 1.237844
v -0.494981 1.610559 1.206825
v -0.522191 1.610559 1.233923
v -0.499277 1.609302 1.202511
v -0.526487 1.609302 1.229609
v -0.504249 1.608888 1.197519
v -0.531458 1.608888 1.224617
v -0.513078 1.611447 1.188653
v -0.540288 1.611447 1.215752
v -0.519561 1.618270 1.182144
v -0.546771 1.618270 1.209242
v -0.523555 1.628082 1.178134
v -0.550765 1.628082 1.205232
v -0.524918 1.639604 1.176765
v -0.552127 1.639604 1.203864
v -0.523460 1.651556 1.178229
v -0.550670 1.651556 1.205327
v -0.519371 1.660810 1.182334
v -0.546581 1.660810 1.209433
v -0.513078 1.666786 1.188653
v -0.540288 1.666786 1.215752
v -0.505008 1.668906 1.196757
v -0.532217 1.668906 1.223855
v -0.497359 1.666947 1.204437
v -0.524568 1.666947 1.231535
v -0.491533 1.661035 1.210287
v -0.518742 1.661035 1.237386
v -0.487822 1.651123 1.214014
v -0.515031 1.651123 1.241112
v -0.486519 1.637162 1.215321
v -0.513729 1.637162 1.242419
v -0.516480 1.637162 1.185238
v -0.543689 1.637162 1.212336
v -0.514829 1.629626 1.186895
v -0.542039 1.629626 1.213993
v -0.511881 1.624198 1.189855
v -0.539091 1.624198 1.216954
v -0.507653 1.620915 1.194100
v -0.534863 1.620915 1.221199
v -0.502163 1.619812 1.199613
v -0.529373 1.619812 1.226712
v -0.498371 1.620282 1.203421
v -0.525580 1.620282 1.230520
v -0.494649 1.621644 1.207158
v -0.521859 1.621644 1.234256
v -0.490964 1.623825 1.210859
v -0.518173 1.623825 1.237957
v -0.487278 1.626752 1.214560
v -0.514487 1.626752 1.241658
v -0.487278 1.615700 1.214560
v -0.514487 1.615700 1.241658
v -0.495698 1.650661 1.206105
v -0.522908 1.650661 1.233203
v -0.497707 1.655155 1.204087
v -0.524917 1.655155 1.231186
v -0.500783 1.658011 1.200999
v -0.527992 1.658011 1.228098
v -0.504818 1.659011 1.196948
v -0.532027 1.659011 1.224046
v -0.509170 1.658065 1.192577
v -0.536380 1.658065 1.219676
v -0.512545 1.655300 1.189189
v -0.539755 1.655300 1.216287
v -0.514924 1.650824 1.186800
v -0.542134 1.650824 1.213898
v -0.516290 1.644745 1.185428
v -0.543500 1.644745 1.212527
v -0.494863 1.644745 1.206944
v -0.522072 1.644745 1.234042
v -0.469359 1.660167 1.232552
v -0.496568 1.660167 1.259651
v -0.466138 1.664027 1.235786
v -0.493347 1.664027 1.262884
v -0.463006 1.666754 1.238931
v -0.490216 1.666754 1.266029
v -0.459946 1.668372 1.242004
v -0.487155 1.668372 1.269102
v -0.456938 1.668906 1.245023
v -0.484148 1.668906 1.272122
v -0.453073 1.668238 1.248904
v -0.480283 1.668238 1.276003
v -0.449626 1.666256 1.252366
v -0.476835 1.666256 1.279464
v -0.446659 1.662997 1.255345
v -0.473868 1.662997 1.282444
v -0.444234 1.658496 1.257780
v -0.471443 1.658496 1.284879
v -0.441305 1.662509 1.260721
v -0.468514 1.662509 1.287820
v -0.438012 1.665822 1.264028
v -0.465221 1.665822 1.291126
v -0.434274 1.668075 1.267781
v -0.461483 1.668075 1.294879
v -0.430012 1.668906 1.272060
v -0.457221 1.668906 1.299159
v -0.424165 1.667288 1.277931
v -0.451374 1.667288 1.305030
v -0.419713 1.662705 1.282401
v -0.446922 1.662705 1.309500
v -0.416879 1.655569 1.285247
v -0.444088 1.655569 1.312345
v -0.415885 1.646287 1.286245
v -0.443094 1.646287 1.313343
v -0.415885 1.610045 1.286245
v -0.443094 1.610045 1.313343
v -0.424323 1.610045 1.277772
v -0.451533 1.610045 1.304871
v -0.424323 1.645773 1.277772
v -0.451533 1.645773 1.304871
v -0.425021 1.651569 1.277072
v -0.452230 1.651569 1.304170
v -0.426919 1.655798 1.275166
v -0.454128 1.655798 1.302265
v -0.429723 1.658388 1.272350
v -0.456932 1.658388 1.299449
v -0.433141 1.659268 1.268919
v -0.460350 1.659268 1.296017
v -0.435355 1.658774 1.266695
v -0.462565 1.658774 1.293793
v -0.437775 1.657243 1.264266
v -0.464984 1.657243 1.291364
v -0.440247 1.654894 1.261783
v -0.467456 1.654894 1.288882
v -0.442622 1.651942 1.259399
v -0.469831 1.651942 1.286497
v -0.442622 1.610045 1.259399
v -0.469831 1.610045 1.286497
v -0.451060 1.610045 1.250926
v -0.478269 1.610045 1.278024
v -0.451060 1.645902 1.250926
v -0.478269 1.645902 1.278024
v -0.451673 1.651948 1.250310
v -0.478883 1.651948 1.277408
v -0.453335 1.656103 1.248641
v -0.480545 1.656103 1.275740
v -0.455780 1.658499 1.246187
v -0.482989 1.658499 1.273285
v -0.458740 1.659268 1.243215
v -0.485949 1.659268 1.270313
v -0.461705 1.658900 1.240237
v -0.488915 1.658900 1.267335
v -0.464334 1.657677 1.237598
v -0.491543 1.657677 1.264696
v -0.466819 1.655418 1.235102
v -0.494029 1.655418 1.262200
v -0.469359 1.651942 1.232552
v -0.496568 1.651942 1.259651
v -0.469359 1.610045 1.232552
v -0.496568 1.610045 1.259651
v -0.477797 1.610045 1.224079
v -0.505006 1.610045 1.251178
v -0.477797 1.667750 1.224079
v -0.505006 1.667750 1.251178
v -0.469359 1.667750 1.232552
v -0.496568 1.667750 1.259651
vn -0.7086 -0.0000 0.7057
vn -0.7085 -0.0000 0.7057
vn 0.7086 -0.0000 -0.7057
vn 0.7085 -0.0000 -0.7057
vn -0.4878 -0.7226 -0.4898
vn 0.4878 -0.7226 0.4898
vn -0.4878 0.7226 -0.4898
vn 0.4878 0.7226 0.4898
vn 0.3371 -0.8785 0.3385
vn 0.2547 -0.9326 0.2558
vn 0.1285 -0.9833 0.1290
vn -0.0059 -1.0000 -0.0060
vn -0.1684 -0.9711 -0.1691
vn -0.3868 -0.8364 -0.3884
vn -0.5822 -0.5650 -0.5846
vn -0.1936 -0.9616 -0.1944
vn 0.3404 -0.8759 0.3418
vn 0.2382 -0.9413 0.2392
vn 0.1226 -0.9848 0.1231
vn -0.0358 -0.9987 -0.0359
vn -0.2668 -0.9258 -0.2679
vn -0.4984 -0.7079 -0.5004
vn -0.6519 -0.3827 -0.6546
vn -0.7054 0.0279 -0.7083
vn -0.6148 0.4907 -0.6174
vn -0.4209 0.8026 -0.4226
vn -0.2838 0.9156 -0.2849
vn -0.2339 0.9435 -0.2349
vn -0.5676 0.5941 -0.5699
vn -0.7038 -0.0730 -0.7067
vn -0.6600 -0.3537 -0.6627
vn -0.4754 -0.7391 -0.4773
vn -0.2105 -0.9545 -0.2114
vn -0.0023 -1.0000 -0.0023
vn 0.1586 -0.9744 0.1592
vn 0.3061 -0.9010 0.3074
vn 0.4313 -0.7915 0.4330
vn -0.2616 -0.9287 -0.2627
vn -0.6420 0.4149 -0.6447
vn -0.4021 0.8218 -0.4037
vn -0.2593 0.9301 -0.2603
vn -0.1207 0.9853 -0.1212
vn 0.0184 0.9997 0.0185
vn 0.2057 0.9566 0.2066
vn 0.4443 0.7769 0.4461
vn 0.6402 0.4205 0.6429
vn 0.7022 0.0987 0.7051
vn 0.7046 0.0536 0.7075
vn 0.6785 0.2746 0.6813
vn 0.5373 0.6482 0.5395
vn 0.2639 0.9274 0.2650
vn -0.0105 0.9999 -0.0105
vn -0.2000 0.9590 -0.2008
vn -0.3044 0.9021 -0.3057
vn -0.3657 0.8553 -0.3672
vn 0.3158 0.8943 0.3171
vn 0.6111 -0.5000 0.6136
vn 0.2685 -0.9248 0.2696
vn 0.3825 -0.8404 0.3841
vn 0.5819 -0.5657 0.5843
vn 0.7040 -0.0680 0.7069
vn 0.6489 0.3929 0.6516
vn 0.4827 0.7294 0.4847
vn 0.2484 0.9360 0.2494
vn 0.0190 0.9996 0.0191
vn -0.1595 0.9741 -0.1602
vn -0.2960 0.9078 -0.2972
vn -0.4000 0.8239 -0.4016
vn -0.6346 0.4372 -0.6372
vn -0.3919 -0.8316 -0.3935
vn 0.3740 0.8480 0.3756
vn -0.0031 1.0000 -0.0031
vn -0.3767 0.8456 -0.3783
vn 0.5816 0.5662 0.5840
vn 0.3755 -0.8466 0.3771
vn -0.3728 -0.8490 -0.3744
vn -0.5835 0.5624 -0.5859
vn 0.2548 -0.9326 0.2558
vn -0.4754 -0.7390 -0.4773
vn 0.7046 0.0537 0.7075
vn -0.2338 -0.9435 -0.2348
vn -0.4578 -0.7610 -0.4597
vn -0.6354 -0.4351 -0.6380
vn -0.7047 -0.0522 -0.7076
vn -0.6807 0.2634 -0.6835
vn -0.5992 0.5283 -0.6016
vn -0.4759 0.7384 -0.4779
vn -0.7048 0.0483 -0.7077
vn -0.5130 -0.6866 -0.5151
vn -0.6107 -0.5011 -0.6132
vn -0.6804 -0.2653 -0.6832
vn -0.7052 0.0379 -0.7080
vn -0.6428 0.4125 -0.6455
vn -0.4722 0.7431 -0.4741
vn -0.2432 0.9387 -0.2442
vn 0.0029 1.0000 0.0029
vn 0.2532 0.9334 0.2543
vn 0.4844 0.7271 0.4864
vn 0.6479 0.3961 0.6506
vn 0.7053 0.0315 0.7082
vn 0.6802 -0.2661 0.6830
vn 0.6095 -0.5040 0.6120
vn 0.5035 -0.7007 0.5055
vn 0.7052 0.0373 0.7081
vn 0.4799 0.7332 0.4818
vn 0.6072 0.5094 0.6097
vn 0.6823 0.2550 0.6851
vn 0.7048 -0.0500 0.7077
vn 0.6370 -0.4301 0.6397
vn 0.4608 -0.7574 0.4627
vn 0.2356 -0.9426 0.2366
vn 0.0004 -1.0000 0.0004
vn 0.2314 -0.9447 0.2323
vn 0.4687 -0.7476 0.4706
vn 0.6458 -0.4029 0.6485
vn 0.7056 0.0124 0.7085
vn 0.6421 0.4147 0.6447
vn 0.4815 0.7310 0.4835
vn 0.2604 0.9294 0.2615
vn 0.0020 1.0000 0.0020
vn -0.2558 0.9320 -0.2568
vn -0.4781 0.7354 -0.4801
vn -0.6414 0.4170 -0.6440
vn -0.7056 0.0121 -0.7085
vn -0.6487 -0.3936 -0.6513
vn -0.4845 -0.7271 -0.4865
vn -0.2515 -0.9344 -0.2525
vn -0.0075 -0.9999 -0.0076
vn 0.2253 -0.9477 0.2262
vn 0.4611 -0.7570 0.4630
vn 0.6426 -0.4133 0.6452
vn 0.7057 0.0039 0.7085
vn 0.6408 0.4187 0.6434
vn 0.4627 0.7550 0.4646
vn 0.2316 0.9446 0.2325
vn -0.0013 1.0000 -0.0014
vn -0.2432 0.9388 -0.2441
vn -0.4829 0.7292 -0.4849
vn -0.6501 0.3891 -0.6527
vn -0.7056 -0.0082 -0.7085
vn -0.6425 -0.4134 -0.6452
vn -0.4684 -0.7480 -0.4703
vn -0.2372 -0.9418 -0.2381
vn -0.0049 -1.0000 -0.0049
vn -0.4580 0.7608 -0.4598
vn -0.5421 0.6402 -0.5443
vn -0.6238 0.4674 -0.6264
vn -0.4590 -0.7596 -0.4608
vn 0.2632 -0.9278 0.2643
vn 0.1790 -0.9673 0.1797
vn 0.0933 -0.9912 0.0937
vn -0.0436 -0.9981 -0.0438
vn -0.2667 -0.9258 -0.2678
vn -0.4952 -0.7124 -0.4972
vn -0.6504 -0.3880 -0.6530
vn -0.7057 0.0036 -0.7085
vn -0.6495 0.3911 -0.6521
vn -0.4963 0.7109 -0.4983
vn -0.2675 0.9254 -0.2686
vn 0.0043 1.0000 0.0043
vn 0.2839 0.9155 0.2851
vn 0.5199 0.6762 0.5220
vn 0.6618 0.3472 0.6645
vn 0.7057 0.0012 0.7086
vn 0.6728 -0.3014 0.6756
vn 0.5965 -0.5342 0.5990
vn 0.4921 -0.7167 0.4941
vn -0.0672 -0.9955 -0.0675
vn -0.7007 0.1179 -0.7036
vn -0.1141 0.9868 -0.1146
vn -0.2146 0.9526 -0.2155
vn -0.3070 0.9004 -0.3082
vn -0.5727 0.5842 -0.5751
vn -0.6980 0.1470 -0.7009
vn -0.7035 0.0788 -0.7063
vn -0.7054 0.0262 -0.7083
vn -0.7025 -0.0948 -0.7054
vn -0.6532 -0.3783 -0.6559
vn -0.5077 -0.6945 -0.5098
vn -0.2826 -0.9163 -0.2838
vn -0.0147 -0.9998 -0.0148
vn 0.2452 -0.9377 0.2462
vn 0.4788 -0.7346 0.4807
vn 0.6472 -0.3985 0.6499
vn 0.7056 0.0135 0.7085
vn 0.6383 0.4264 0.6409
vn 0.4685 0.7479 0.4704
vn 0.2459 0.9373 0.2469
vn 0.0317 0.9990 0.0319
vn -0.3740 -0.8480 -0.3755
vn -0.2549 -0.9325 -0.2559
vn -0.1269 -0.9837 -0.1275
vn 0.0144 -0.9998 0.0145
vn 0.1960 -0.9606 0.1968
vn 0.4164 -0.8074 0.4181
vn 0.6203 -0.4767 0.6229
vn 0.6976 0.1511 0.7004
vn 0.4926 0.7160 0.4946
vn 0.3877 0.8356 0.3893
vn 0.5607 0.6072 0.5630
vn 0.7033 0.0814 0.7062
vn 0.6470 -0.3993 0.6496
vn 0.4799 -0.7332 0.4819
vn 0.2476 -0.9364 0.2486
vn 0.0366 -0.9987 0.0367
vn -0.1024 -0.9894 -0.1028
vn -0.2130 -0.9534 -0.2138
vn -0.3202 -0.8912 -0.3215
vn -0.6129 -0.4955 -0.6155
vn -0.2496 0.9354 -0.2506
vn 0.4519 0.7680 0.4538
vn 0.3270 0.8861 0.3284
vn 0.1723 0.9697 0.1731
vn -0.0108 0.9999 -0.0109
vn -0.2328 0.9440 -0.2338
vn -0.4634 0.7541 -0.4653
vn -0.6372 0.4297 -0.6398
vn -0.6989 -0.1382 -0.7018
vn -0.5131 -0.6864 -0.5152
vn -0.3966 -0.8271 -0.3982
vn -0.5496 -0.6272 -0.5518
vn -0.7020 -0.1013 -0.7049
vn -0.6418 0.4156 -0.6445
vn -0.4564 0.7627 -0.4583
vn -0.2197 0.9503 -0.2206
vn -0.0246 0.9994 -0.0247
vn 0.1030 0.9893 0.1035
vn 0.2025 0.9580 0.2033
vn 0.2952 0.9083 0.2964
vn 0.6034 0.5184 0.6059
vn 0.2952 -0.9083 0.2964
vn -0.2628 0.9281 -0.2639
vn -0.4352 0.7872 -0.4369
vn -0.3065 0.9007 -0.3078
vn -0.1603 0.9739 -0.1610
vn 0.0201 0.9996 0.0202
vn 0.2594 0.9300 0.2604
vn 0.5071 0.6954 0.5092
vn 0.6628 0.3433 0.6655
vn 0.7035 0.0773 0.7064
vn -0.7039 -0.0712 -0.7068
vn -0.6704 -0.3123 -0.6731
vn -0.5359 -0.6506 -0.5381
vn -0.2897 -0.9118 -0.2909
vn -0.0281 -0.9992 -0.0282
vn 0.1758 -0.9685 0.1765
vn 0.3370 -0.8786 0.3384
vn 0.4491 -0.7713 0.4510
vn 0.6482 -0.3954 0.6508
vn 0.6504 -0.3879 0.6531
vn 0.4823 -0.7300 0.4843
vn 0.2443 -0.9382 0.2453
vn -0.0040 -1.0000 -0.0040
vn -0.2543 -0.9328 -0.2553
vn -0.4891 -0.7208 -0.4911
vn -0.6511 -0.3855 -0.6538
vn -0.7056 0.0085 -0.7085
vn -0.6451 0.4053 -0.6477
vn -0.4800 0.7331 -0.4819
vn -0.2516 0.9343 -0.2526
vn -0.0043 1.0000 -0.0044
vn 0.2413 0.9397 0.2423
vn 0.4737 0.7412 0.4756
vn 0.6449 0.4058 0.6476
vn 0.7056 0.0075 0.7085
vn 0.6595 0.3559 0.6622
vn 0.5062 0.6968 0.5082
vn 0.2647 0.9270 0.2657
vn 0.0068 1.0000 0.0068
vn -0.2470 0.9367 -0.2480
vn -0.4932 0.7153 -0.4952
vn -0.6572 0.3641 -0.6599
vn -0.7056 -0.0132 -0.7085
vn -0.6489 -0.3931 -0.6515
vn -0.4834 -0.7285 -0.4854
vn -0.2494 -0.9355 -0.2504
vn 0.0033 -1.0000 0.0034
vn 0.2598 -0.9297 0.2609
vn 0.4944 -0.7135 0.4964
vn 0.6527 -0.3800 0.6554
vn 0.7056 -0.0096 0.7085
vn -0.3761 0.8462 -0.3776
vn -0.3777 -0.8447 -0.3792
vn 0.0009 -1.0000 0.0009
vn 0.3785 -0.8440 0.3800
vn -0.3745 -0.8476 -0.3760
vn -0.5824 0.5647 -0.5848
vn 0.3752 0.8470 0.3767
vn -0.0042 1.0000 -0.0042
vn -0.3788 0.8437 -0.3804
vn 0.3788 0.8437 0.3804
vn 0.0032 1.0000 0.0032
vn 0.2138 -0.9530 0.2147
vn 0.1422 -0.9795 0.1428
vn 0.0674 -0.9954 0.0677
vn -0.0442 -0.9980 -0.0444
vn -0.2445 -0.9381 -0.2455
vn -0.4761 -0.7381 -0.4781
vn -0.6454 -0.4043 -0.6481
vn -0.7057 0.0010 -0.7086
vn -0.6457 0.4035 -0.6483
vn -0.2504 0.9349 -0.2515
vn -0.0460 0.9979 -0.0462
vn 0.0735 0.9946 0.0738
vn 0.1542 0.9758 0.1548
vn 0.2204 0.9500 0.2213
vn 0.5742 0.5812 0.5766
vn 0.3639 -0.8568 0.3654
vn -0.2573 -0.9311 -0.2584
vn -0.1784 -0.9675 -0.1791
vn -0.0919 -0.9915 -0.0923
vn 0.0409 -0.9983 0.0410
vn 0.2561 -0.9318 0.2572
vn 0.4853 -0.7259 0.4873
vn 0.6474 -0.3979 0.6501
vn 0.7057 -0.0010 0.7086
vn 0.6455 0.4040 0.6482
vn 0.4728 0.7424 0.4747
vn 0.2386 0.9411 0.2396
vn 0.0389 0.9985 0.0391
vn -0.0699 0.9951 -0.0701
vn -0.1295 0.9830 -0.1300
vn -0.1744 0.9690 -0.1751
vn -0.5564 0.6150 -0.5587
vn 0.5742 -0.5812 0.5766
vn -0.3236 0.8886 -0.3250
vn -0.5443 0.6364 -0.5466
vn -0.4350 0.7874 -0.4368
vn -0.2502 0.9350 -0.2512
vn -0.0268 0.9993 -0.0269
vn 0.1576 0.9747 0.1583
vn 0.2956 0.9080 0.2968
vn 0.3997 0.8241 0.4014
vn 0.6956 0.1686 0.6984
vn 0.1103 -0.9877 0.1107
vn -0.4013 -0.8226 -0.4029
vn -0.3143 -0.8953 -0.3156
vn -0.1934 -0.9617 -0.1942
vn 0.0234 -0.9995 0.0235
vn 0.3115 -0.8973 0.3127
vn 0.5405 -0.6430 0.5427
vn 0.6666 -0.3281 0.6693
vn 0.7033 -0.0810 0.7062
vn -0.0358 -0.9987 -0.0360
vn 0.0457 0.9979 0.0459
vn 0.2129 0.9534 0.2138
vn 0.4636 0.7539 0.4655
vn 0.6507 0.3868 0.6534
vn 0.7056 -0.0072 0.7085
vn 0.6518 -0.3833 0.6544
vn 0.4893 -0.7206 0.4913
vn 0.2532 -0.9334 0.2542
vn 0.0435 -0.9981 0.0437
vn -0.0736 -0.9945 -0.0739
vn -0.1456 -0.9785 -0.1462
vn -0.2082 -0.9555 -0.2091
vn 0.3908 -0.8326 0.3924
vn 0.2280 0.9464 0.2289
vn 0.1568 0.9750 0.1574
vn 0.0807 0.9934 0.0811
vn -0.0453 0.9979 -0.0455
vn -0.2657 0.9264 -0.2668
vn -0.5010 0.7043 -0.5030
vn -0.6552 0.3714 -0.6579
vn -0.7056 0.0150 -0.7085
vn -0.6615 -0.3482 -0.6642
vn -0.4942 -0.7138 -0.4962
vn -0.2377 -0.9416 -0.2387
vn -0.0519 -0.9973 -0.0521
vn 0.5792 0.5712 0.5816
vn 0.0205 0.9996 0.0206
vn 0.2632 0.9278 0.2643
vn 0.5133 0.6862 0.5154
vn 0.6653 0.3334 0.6680
vn 0.7037 0.0743 0.7066
vn -0.2638 -0.9275 -0.2649
vn -0.6458 -0.4031 -0.6484
vn -0.7057 -0.0000 -0.7086
vn -0.6458 0.4031 -0.6484
vn -0.2638 0.9275 -0.2649
vn -0.0000 1.0000 -0.0000
vn 0.2638 0.9275 0.2649
vn 0.6458 0.4031 0.6484
vn 0.7057 -0.0000 0.7086
vn 0.6458 -0.4031 0.6484
vn 0.2638 -0.9275 0.2649
vn -0.0000 -1.0000 -0.0000
vn -0.3116 -0.8972 -0.3129
vn -0.2177 -0.9512 -0.2185
vn -0.1064 -0.9886 -0.1068
vn 0.0410 -0.9983 0.0412
vn 0.2692 -0.9244 0.2703
vn 0.5103 -0.6907 0.5124
vn 0.6606 -0.3516 0.6633
vn 0.7056 0.0060 0.7085
vn 0.6524 0.3811 0.6551
vn 0.4803 0.7327 0.4822
vn 0.2365 0.9422 0.2375
vn 0.0322 0.9990 0.0324
vn -0.0877 0.9922 -0.0881
vn -0.1669 0.9716 -0.1675
vn -0.2296 0.9456 -0.2305
vn 0.3818 0.8410 0.3833
vn 0.5704 -0.5887 0.5728
vn 0.1987 -0.9596 0.1995
vn 0.1323 -0.9823 0.1328
vn 0.0706 -0.9950 0.0709
vn -0.0408 -0.9983 -0.0410
vn -0.2487 -0.9358 -0.2497
vn -0.4848 -0.7266 -0.4868
vn -0.6503 -0.3882 -0.6530
vn -0.7056 -0.0150 -0.7085
vn -0.6616 0.3477 -0.6644
vn -0.5075 0.6949 -0.5095
vn -0.2611 0.9291 -0.2621
vn -0.0414 0.9983 -0.0416
vn 0.0843 0.9928 0.0847
vn 0.1676 0.9714 0.1683
vn 0.2331 0.9438 0.2341
vn 0.5783 0.5731 0.5806
vn 0.3362 -0.8792 0.3376
vn -0.3034 -0.9029 -0.3046
vn -0.2201 -0.9501 -0.2210
vn -0.1213 -0.9851 -0.1218
vn 0.0083 -0.9999 0.0083
vn 0.1842 -0.9653 0.1849
vn 0.4031 -0.8208 0.4048
vn 0.6152 -0.4899 0.6177
vn 0.7045 0.0562 0.7074
vn 0.5878 0.5534 0.5902
vn 0.4460 0.7749 0.4478
vn 0.3767 0.8456 0.3782
vn 0.3781 0.8443 0.3797
vn 0.4410 0.7807 0.4428
vn 0.5453 0.6346 0.5476
vn 0.6599 0.3542 0.6626
vn 0.7055 -0.0203 0.7084
vn 0.6389 -0.4245 0.6416
vn 0.4568 -0.7622 0.4587
vn 0.2262 -0.9472 0.2271
vn 0.0353 -0.9988 0.0354
vn -0.0815 -0.9933 -0.0818
vn -0.1702 -0.9705 -0.1709
vn -0.2507 -0.9348 -0.2517
vn -0.5869 -0.5552 -0.5893
vn -0.3326 0.8820 -0.3339
vn 0.3235 0.8887 0.3248
vn 0.2446 0.9380 0.2456
vn 0.1407 0.9799 0.1413
vn -0.0163 0.9997 -0.0164
vn -0.2033 0.9576 -0.2042
vn -0.4069 0.8170 -0.4086
vn -0.6156 0.4889 -0.6181
vn -0.6895 -0.2125 -0.6924
vn -0.4575 -0.7614 -0.4594
vn -0.3805 -0.8422 -0.3821
vn -0.5445 -0.6361 -0.5468
vn -0.7016 -0.1070 -0.7045
vn -0.6360 0.4332 -0.6386
vn -0.4395 0.7824 -0.4413
vn -0.2046 0.9570 -0.2054
vn -0.0219 0.9995 -0.0220
vn 0.0943 0.9910 0.0946
vn 0.1813 0.9664 0.1821
vn 0.2566 0.9315 0.2577
vn 0.5883 0.5521 0.5908
vn 0.3409 -0.8756 0.3423
vn 0.1724 0.9697 0.1731
vn -0.6372 0.4296 -0.6398
vn -0.5878 -0.5533 -0.5902
vn -0.7056 -0.0100 -0.7085
vn -0.5916 0.5451 -0.5940
vn 0.3643 0.8564 0.3658
vn -0.0055 1.0000 -0.0055
vn -0.3691 0.8523 -0.3706
vn 0.5877 0.5536 0.5901
vn 0.3667 -0.8544 0.3682
vn 0.7022 0.0991 0.7051
vn 0.6393 0.4234 0.6419
vn 0.4441 0.7771 0.4459
vn 0.2117 0.9540 0.2125
vn 0.0220 0.9995 0.0221
vn -0.1109 0.9876 -0.1113
vn -0.2095 0.9549 -0.2104
vn -0.2908 0.9112 -0.2919
vn 0.3484 0.8696 0.3499
vn 0.5860 -0.5571 0.5884
vn 0.2480 -0.9362 0.2491
vn 0.1795 -0.9671 0.1803
vn 0.1047 -0.9889 0.1051
vn -0.0246 -0.9994 -0.0247
vn -0.2451 -0.9377 -0.2461
vn -0.4935 -0.7148 -0.4955
vn -0.6576 -0.3627 -0.6603
vn -0.7031 -0.0844 -0.7060
vn 0.2996 -0.9054 0.3008
vn 0.1984 -0.9597 0.1992
vn 0.0922 -0.9914 0.0926
vn -0.0503 -0.9975 -0.0506
vn -0.2869 -0.9136 -0.2881
vn -0.5261 -0.6664 -0.5283
vn -0.6640 -0.3387 -0.6667
vn -0.7057 0.0025 -0.7085
vn -0.6588 0.3582 -0.6615
vn -0.5057 0.6975 -0.5078
vn -0.2654 0.9266 -0.2665
vn -0.0016 1.0000 -0.0016
vn 0.2739 0.9216 0.2750
vn 0.5301 0.6601 0.5323
vn 0.6719 0.3054 0.6747
vn 0.5189 -0.6777 0.5210
vn 0.5564 -0.6151 0.5586
vn 0.6261 0.4614 0.6286
vn 0.4579 0.7608 0.4598
vn 0.2221 0.9492 0.2230
vn 0.0189 0.9996 0.0189
vn -0.1193 0.9856 -0.1198
vn -0.2246 0.9480 -0.2255
vn -0.3089 0.8991 -0.3102
vn 0.3392 0.8769 0.3406
vn 0.6053 -0.5140 0.6078
vn -0.6548 -0.3729 -0.6575
vn -0.5018 -0.7031 -0.5039
vn -0.2587 -0.9304 -0.2597
vn -0.0074 -0.9999 -0.0074
vn 0.2335 -0.9437 0.2344
vn 0.4669 -0.7498 0.4688
vn 0.6266 -0.4599 0.6292
vn 0.5579 0.6123 0.5602
vn -0.5339 0.6539 -0.5361
vn 0.2794 0.9183 0.2805
vn -0.4136 0.8102 -0.4153
vn -0.3093 0.8988 -0.3106
vn -0.1682 0.9712 -0.1689
vn -0.0011 1.0000 -0.0011
vn 0.1767 0.9681 0.1774
vn 0.3516 0.8670 0.3531
vn 0.5004 0.7051 0.5024
vn 0.0503 0.9975 0.0505
vn -0.4506 0.7695 -0.4525
vn -0.3441 0.8731 -0.3455
vn -0.1876 0.9640 -0.1884
vn 0.0197 0.9996 0.0198
vn 0.2806 0.9175 0.2818
vn 0.5260 0.6665 0.5282
vn 0.6670 0.3264 0.6698
vn 0.7037 0.0753 0.7065
vn -0.6582 -0.3605 -0.6609
vn -0.5008 -0.7045 -0.5028
vn -0.2601 -0.9296 -0.2611
vn -0.0083 -0.9999 -0.0083
vn 0.2001 -0.9589 0.2009
vn 0.3414 -0.8752 0.3428
vn 0.4300 -0.7929 0.4317
vn 0.6411 -0.4177 0.6438
vn -0.7039 -0.0714 -0.7067
vn -0.6675 -0.3242 -0.6703
vn -0.5197 -0.6765 -0.5218
vn -0.2694 -0.9242 -0.2705
vn -0.0331 -0.9989 -0.0333
vn 0.1416 -0.9797 0.1422
vn 0.3026 -0.9034 0.3038
vn 0.4375 -0.7846 0.4393
vn 0.6483 -0.3950 0.6509
vt 0.928571 0.000000
vt 0.904762 0.000000
vt 0.952381 0.000000
vt 0.976190 0.000000
vt 0.000000 0.000000
vt 0.880952 0.000000
vt 0.857143 0.000000
vt 0.023810 0.000000
vt 1.000000 0.000000
vt 0.095238 0.000000
vt 0.809524 0.000000
vt 0.785714 0.000000
vt 0.071429 0.000000
vt 0.761905 0.000000
vt 0.142857 0.000000
vt 0.119048 0.000000
vt 0.833333 0.000000
vt 0.047619 0.000000
vt 0.261905 0.000000
vt 0.571429 0.000000
vt 0.547619 0.000000
vt 0.238095 0.000000
vt 0.595238 0.000000
vt 0.190476 0.000000
vt 0.642857 0.000000
vt 0.619048 0.000000
vt 0.214286 0.000000
vt 0.404762 0.000000
vt 0.380952 0.000000
vt 0.452381 0.000000
vt 0.428571 0.000000
vt 0.476190 0.000000
vt 0.357143 0.000000
vt 0.333333 0.000000
vt 0.500000 0.000000
vt 0.309524 0.000000
vt 0.523810 0.000000
vt 0.285714 0.000000
vt 0.714286 0.000000
vt 0.690476 0.000000
vt 0.666667 0.000000
vt 0.738095 0.000000
vt 0.166667 0.000000
vt 0.205882 0.000000
vt 0.176471 0.000000
vt 0.470588 0.000000
vt 0.970588 0.000000
vt 0.235294 0.000000
vt 0.941176 0.000000
vt 0.264706 0.000000
vt 0.852941 0.000000
vt 0.323529 0.000000
vt 0.882353 0.000000
vt 0.558824 0.000000
vt 0.529412 0.000000
vt 0.117647 0.000000
vt 0.294118 0.000000
vt 0.911765 0.000000
vt 0.147059 0.000000
vt 0.588235 0.000000
vt 0.088235 0.000000
vt 0.058824 0.000000
vt 0.029412 0.000000
vt 0.617647 0.000000
vt 0.794118 0.000000
vt 0.352941 0.000000
vt 0.823529 0.000000
vt 0.735294 0.000000
vt 0.705882 0.000000
vt 0.676471 0.000000
vt 0.647059 0.000000
vt 0.441176 0.000000
vt 0.411765 0.000000
vt 0.764706 0.000000
vt 0.382353 0.000000
vt 0.920000 0.000000
vt 0.880000 0.000000
vt 0.840000 0.000000
vt 0.680000 0.000000
vt 0.200000 0.000000
vt 0.720000 0.000000
vt 0.160000 0.000000
vt 0.760000 0.000000
vt 0.800000 0.000000
vt 0.120000 0.000000
vt 0.080000 0.000000
vt 0.960000 0.000000
vt 0.240000 0.000000
vt 0.640000 0.000000
vt 0.280000 0.000000
vt 0.320000 0.000000
vt 0.600000 0.000000
vt 0.560000 0.000000
vt 0.360000 0.000000
vt 0.520000 0.000000
vt 0.480000 0.000000
vt 0.400000 0.000000
vt 0.440000 0.000000
vt 0.040000 0.000000
vt 0.466667 0.000000
vt 0.577778 0.000000
vt 0.488889 0.000000
vt 0.555556 0.000000
vt 0.511111 0.000000
vt 0.533333 0.000000
vt 0.622222 0.000000
vt 0.444444 0.000000
vt 0.222222 0.000000
vt 0.755556 0.000000
vt 0.777778 0.000000
vt 0.177778 0.000000
vt 0.155556 0.000000
vt 0.822222 0.000000
vt 0.133333 0.000000
vt 0.844444 0.000000
vt 0.111111 0.000000
vt 0.866667 0.000000
vt 0.088889 0.000000
vt 0.888889 0.000000
vt 0.066667 0.000000
vt 0.044444 0.000000
vt 0.911111 0.000000
vt 0.977778 0.000000
vt 0.955556 0.000000
vt 0.644444 0.000000
vt 0.422222 0.000000
vt 0.377778 0.000000
vt 0.688889 0.000000
vt 0.355556 0.000000
vt 0.711111 0.000000
vt 0.311111 0.000000
vt 0.288889 0.000000
vt 0.266667 0.000000
vt 0.733333 0.000000
vt 0.244444 0.000000
vt 0.022222 0.000000
vt 0.933333 0.000000
vt 0.512195 0.000000
vt 0.487805 0.000000
vt 0.463415 0.000000
vt 0.439024 0.000000
vt 0.536585 0.000000
vt 0.756098 0.000000
vt 0.170732 0.000000
vt 0.780488 0.000000
vt 0.804878 0.000000
vt 0.365854 0.000000
vt 0.585366 0.000000
vt 0.390244 0.000000
vt 0.560976 0.000000
vt 0.414634 0.000000
vt 0.853659 0.000000
vt 0.121951 0.000000
vt 0.097561 0.000000
vt 0.731707 0.000000
vt 0.195122 0.000000
vt 0.146341 0.000000
vt 0.829268 0.000000
vt 0.878049 0.000000
vt 0.073171 0.000000
vt 0.048780 0.000000
vt 0.341463 0.000000
vt 0.634146 0.000000
vt 0.609756 0.000000
vt 0.902439 0.000000
vt 0.317073 0.000000
vt 0.292683 0.000000
vt 0.658537 0.000000
vt 0.682927 0.000000
vt 0.268293 0.000000
vt 0.243902 0.000000
vt 0.975610 0.000000
vt 0.951219 0.000000
vt 0.707317 0.000000
vt 0.219512 0.000000
vt 0.024390 0.000000
vt 0.926829 0.000000
vt 0.242424 0.000000
vt 0.696970 0.000000
vt 0.727273 0.000000
vt 0.212121 0.000000
vt 0.757576 0.000000
vt 0.181818 0.000000
vt 0.787879 0.000000
vt 0.090909 0.000000
vt 0.848485 0.000000
vt 0.121212 0.000000
vt 0.606061 0.000000
vt 0.303030 0.000000
vt 0.636364 0.000000
vt 0.272727 0.000000
vt 0.818182 0.000000
vt 0.151515 0.000000
vt 0.575758 0.000000
vt 0.363636 0.000000
vt 0.030303 0.000000
vt 0.909091 0.000000
vt 0.060606 0.000000
vt 0.878788 0.000000
vt 0.515152 0.000000
vt 0.484848 0.000000
vt 0.424242 0.000000
vt 0.454545 0.000000
vt 0.969697 0.000000
vt 0.939394 0.000000
vt 0.545455 0.000000
vt 0.393939 0.000000
vt 0.368421 0.000000
vt 0.315789 0.000000
vt 0.421053 0.000000
vt 0.263158 0.000000
vt 0.473684 0.000000
vt 0.736842 0.000000
vt 0.842105 0.000000
vt 0.789474 0.000000
vt 0.684211 0.000000
vt 0.894737 0.000000
vt 0.052632 0.000000
vt 0.157895 0.000000
vt 0.105263 0.000000
vt 0.210526 0.000000
vt 0.947368 0.000000
vt 0.631579 0.000000
vt 0.526316 0.000000
vt 0.578947 0.000000
vt 0.875000 0.000000
vt 0.791667 0.000000
vt 0.916667 0.000000
vt 0.750000 0.000000
vt 0.708333 0.000000
vt 0.041667 0.000000
vt 0.083333 0.000000
vt 0.125000 0.000000
vt 0.625000 0.000000
vt 0.583333 0.000000
vt 0.375000 0.000000
vt 0.416667 0.000000
vt 0.458333 0.000000
vt 0.291667 0.000000
vt 0.541667 0.000000
vt 0.250000 0.000000
vt 0.208333 0.000000
vt 0.958333 0.000000
vt 0.482759 0.000000
vt 0.551724 0.000000
vt 0.517241 0.000000
vt 0.034483 0.000000
vt 0.965517 0.000000
vt 0.413793 0.000000
vt 0.620690 0.000000
vt 0.448276 0.000000
vt 0.586207 0.000000
vt 0.379310 0.000000
vt 0.655172 0.000000
vt 0.931035 0.000000
vt 0.068966 0.000000
vt 0.689655 0.000000
vt 0.344828 0.000000
vt 0.310345 0.000000
vt 0.724138 0.000000
vt 0.862069 0.000000
vt 0.103448 0.000000
vt 0.896552 0.000000
vt 0.275862 0.000000
vt 0.241379 0.000000
vt 0.758621 0.000000
vt 0.206897 0.000000
vt 0.793103 0.000000
vt 0.827586 0.000000
vt 0.172414 0.000000
vt 0.137931 0.000000
vt 0.229508 0.000000
vt 0.213115 0.000000
vt 0.868852 0.000000
vt 0.245902 0.000000
vt 0.852459 0.000000
vt 0.262295 0.000000
vt 0.491803 0.000000
vt 0.475410 0.000000
vt 0.459016 0.000000
vt 0.442623 0.000000
vt 0.508197 0.000000
vt 0.524590 0.000000
vt 0.163934 0.000000
vt 0.901639 0.000000
vt 0.180328 0.000000
vt 0.885246 0.000000
vt 0.147541 0.000000
vt 0.934426 0.000000
vt 0.918033 0.000000
vt 0.557377 0.000000
vt 0.409836 0.000000
vt 0.393443 0.000000
vt 0.803279 0.000000
vt 0.311475 0.000000
vt 0.819672 0.000000
vt 0.540984 0.000000
vt 0.426230 0.000000
vt 0.196721 0.000000
vt 0.836066 0.000000
vt 0.278689 0.000000
vt 0.295082 0.000000
vt 0.950820 0.000000
vt 0.131148 0.000000
vt 0.114754 0.000000
vt 0.967213 0.000000
vt 0.983607 0.000000
vt 0.573770 0.000000
vt 0.377049 0.000000
vt 0.590164 0.000000
vt 0.049180 0.000000
vt 0.032787 0.000000
vt 0.688525 0.000000
vt 0.672131 0.000000
vt 0.786885 0.000000
vt 0.770492 0.000000
vt 0.754098 0.000000
vt 0.704918 0.000000
vt 0.016393 0.000000
vt 0.721311 0.000000
vt 0.737705 0.000000
vt 0.065574 0.000000
vt 0.081967 0.000000
vt 0.098361 0.000000
vt 0.655738 0.000000
vt 0.639344 0.000000
vt 0.622951 0.000000
vt 0.327869 0.000000
vt 0.344262 0.000000
vt 0.360656 0.000000
vt 0.606557 0.000000
vt 0.863636 0.000000
vt 0.954545 0.000000
vt 0.681818 0.000000
vt 0.045455 0.000000
vt 0.772727 0.000000
vt 0.136364 0.000000
vt 0.590909 0.000000
vt 0.227273 0.000000
vt 0.409091 0.000000
vt 0.318182 0.000000
vt 0.648649 0.000000
vt 0.216216 0.000000
vt 0.189189 0.000000
vt 0.621622 0.000000
vt 0.594595 0.000000
vt 0.243243 0.000000
vt 0.135135 0.000000
vt 0.675676 0.000000
vt 0.162162 0.000000
vt 0.702703 0.000000
vt 0.108108 0.000000
vt 0.729730 0.000000
vt 0.081081 0.000000
vt 0.756757 0.000000
vt 0.540541 0.000000
vt 0.297297 0.000000
vt 0.567568 0.000000
vt 0.270270 0.000000
vt 0.054054 0.000000
vt 0.810811 0.000000
vt 0.783784 0.000000
vt 0.486486 0.000000
vt 0.351351 0.000000
vt 0.513514 0.000000
vt 0.324324 0.000000
vt 0.864865 0.000000
vt 0.891892 0.000000
vt 0.972973 0.000000
vt 0.432432 0.000000
vt 0.405405 0.000000
vt 0.459459 0.000000
vt 0.378378 0.000000
vt 0.027027 0.000000
vt 0.837838 0.000000
vt 0.945946 0.000000
vt 0.918919 0.000000
vt 0.193548 0.000000
vt 0.161290 0.000000
vt 0.516129 0.000000
vt 0.225806 0.000000
vt 0.258065 0.000000
vt 0.967742 0.000000
vt 0.290323 0.000000
vt 0.548387 0.000000
vt 0.129032 0.000000
vt 0.580645 0.000000
vt 0.322581 0.000000
vt 0.935484 0.000000
vt 0.903226 0.000000
vt 0.645161 0.000000
vt 0.096774 0.000000
vt 0.064516 0.000000
vt 0.677419 0.000000
vt 0.806452 0.000000
vt 0.387097 0.000000
vt 0.838710 0.000000
vt 0.354839 0.000000
vt 0.032258 0.000000
vt 0.709677 0.000000
vt 0.741935 0.000000
vt 0.483871 0.000000
vt 0.451613 0.000000
vt 0.774194 0.000000
vt 0.419355 0.000000
vt 0.612903 0.000000
vt 0.870968 0.000000
vt 0.204545 0.000000
vt 0.931818 0.000000
vt 0.886364 0.000000
vt 0.295455 0.000000
vt 0.159091 0.000000
vt 0.977273 0.000000
vt 0.340909 0.000000
vt 0.840909 0.000000
vt 0.522727 0.000000
vt 0.568182 0.000000
vt 0.113636 0.000000
vt 0.795455 0.000000
vt 0.431818 0.000000
vt 0.477273 0.000000
vt 0.068182 0.000000
vt 0.659091 0.000000
vt 0.704545 0.000000
vt 0.386364 0.000000
vt 0.022727 0.000000
vt 0.613636 0.000000
vt 0.015873 0.000000
vt 0.825397 0.000000
vt 0.031746 0.000000
vt 0.063492 0.000000
vt 0.793651 0.000000
vt 0.079365 0.000000
vt 0.492063 0.000000
vt 0.873016 0.000000
vt 0.603175 0.000000
vt 0.841270 0.000000
vt 0.507937 0.000000
vt 0.587302 0.000000
vt 0.126984 0.000000
vt 0.158730 0.000000
vt 0.174603 0.000000
vt 0.539683 0.000000
vt 0.206349 0.000000
vt 0.746032 0.000000
vt 0.730159 0.000000
vt 0.253968 0.000000
vt 0.920635 0.000000
vt 0.936508 0.000000
vt 0.412698 0.000000
vt 0.396825 0.000000
vt 0.460317 0.000000
vt 0.968254 0.000000
vt 0.365079 0.000000
vt 0.984127 0.000000
vt 0.634921 0.000000
vt 0.650794 0.000000
vt 0.349206 0.000000
vt 0.317460 0.000000
vt 0.682540 0.000000
vt 0.301587 0.000000
vt 0.698413 0.000000
vt 0.269841 0.000000
vt 0.000000 1.000000
vt 0.083333 1.000000
vt 0.166667 1.000000
vt 0.250000 1.000000
vt 0.333333 1.000000
vt 0.416667 1.000000
vt 0.500000 1.000000
vt 0.583333 1.000000
vt 0.666667 1.000000
vt 0.750000 1.000000
vt 0.833333 1.000000
vt 0.916667 1.000000
vt 1.000000 1.000000
vt 0.020408 1.000000
vt 0.020408 0.000000
vt 0.040816 1.000000
vt 0.040816 0.000000
vt 0.061224 1.000000
vt 0.061224 0.000000
vt 0.081633 1.000000
vt 0.081633 0.000000
vt 0.102041 1.000000
vt 0.102041 0.000000
vt 0.122449 1.000000
vt 0.122449 0.000000
vt 0.142857 1.000000
vt 0.163265 1.000000
vt 0.163265 0.000000
vt 0.183673 1.000000
vt 0.183673 0.000000
vt 0.204082 1.000000
vt 0.204082 0.000000
vt 0.224490 1.000000
vt 0.224490 0.000000
vt 0.244898 1.000000
vt 0.244898 0.000000
vt 0.265306 1.000000
vt 0.265306 0.000000
vt 0.285714 1.000000
vt 0.306122 1.000000
vt 0.306122 0.000000
vt 0.326531 1.000000
vt 0.326531 0.000000
vt 0.346939 1.000000
vt 0.346939 0.000000
vt 0.367347 1.000000
vt 0.367347 0.000000
vt 0.387755 1.000000
vt 0.387755 0.000000
vt 0.408163 1.000000
vt 0.408163 0.000000
vt 0.428571 1.000000
vt 0.448980 1.000000
vt 0.448980 0.000000
vt 0.469388 1.000000
vt 0.469388 0.000000
vt 0.489796 1.000000
vt 0.489796 0.000000
vt 0.510204 1.000000
vt 0.510204 0.000000
vt 0.530612 1.000000
vt 0.530612 0.000000
vt 0.551020 1.000000
vt 0.551020 0.000000
vt 0.571429 1.000000
vt 0.591837 1.000000
vt 0.591837 0.000000
vt 0.612245 1.000000
vt 0.612245 0.000000
vt 0.632653 1.000000
vt 0.632653 0.000000
vt 0.653061 1.000000
vt 0.653061 0.000000
vt 0.673469 1.000000
vt 0.673469 0.000000
vt 0.693878 1.000000
vt 0.693878 0.000000
vt 0.714286 1.000000
vt 0.734694 1.000000
vt 0.734694 0.000000
vt 0.755102 1.000000
vt 0.755102 0.000000
vt 0.775510 1.000000
vt 0.775510 0.000000
vt 0.795918 1.000000
vt 0.795918 0.000000
vt 0.816327 1.000000
vt 0.816327 0.000000
vt 0.836735 1.000000
vt 0.836735 0.000000
vt 0.857143 1.000000
vt 0.877551 1.000000
vt 0.877551 0.000000
vt 0.897959 1.000000
vt 0.897959 0.000000
vt 0.918367 1.000000
vt 0.918367 0.000000
vt 0.938776 1.000000
vt 0.938776 0.000000
vt 0.959184 1.000000
vt 0.959184 0.000000
vt 0.979592 1.000000
vt 0.979592 0.000000
vt 0.076923 1.000000
vt 0.076923 0.000000
vt 0.153846 1.000000
vt 0.153846 0.000000
vt 0.230769 1.000000
vt 0.230769 0.000000
vt 0.307692 1.000000
vt 0.307692 0.000000
vt 0.384615 1.000000
vt 0.384615 0.000000
vt 0.461538 1.000000
vt 0.461538 0.000000
vt 0.538462 1.000000
vt 0.538462 0.000000
vt 0.615385 1.000000
vt 0.615385 0.000000
vt 0.692308 1.000000
vt 0.692308 0.000000
vt 0.769231 1.000000
vt 0.769231 0.000000
vt 0.846154 1.000000
vt 0.846154 0.000000
vt 0.923077 1.000000
vt 0.923077 0.000000
vt 0.031250 1.000000
vt 0.031250 0.000000
vt 0.062500 1.000000
vt 0.062500 0.000000
vt 0.093750 1.000000
vt 0.093750 0.000000
vt 0.125000 1.000000
vt 0.156250 1.000000
vt 0.156250 0.000000
vt 0.187500 1.000000
vt 0.187500 0.000000
vt 0.218750 1.000000
vt 0.218750 0.000000
vt 0.281250 1.000000
vt 0.281250 0.000000
vt 0.312500 1.000000
vt 0.312500 0.000000
vt 0.343750 1.000000
vt 0.343750 0.000000
vt 0.375000 1.000000
vt 0.406250 1.000000
vt 0.406250 0.000000
vt 0.437500 1.000000
vt 0.437500 0.000000
vt 0.468750 1.000000
vt 0.468750 0.000000
vt 0.531250 1.000000
vt 0.531250 0.000000
vt 0.562500 1.000000
vt 0.562500 0.000000
vt 0.593750 1.000000
vt 0.593750 0.000000
vt 0.625000 1.000000
vt 0.656250 1.000000
vt 0.656250 0.000000
vt 0.687500 1.000000
vt 0.687500 0.000000
vt 0.718750 1.000000
vt 0.718750 0.000000
vt 0.781250 1.000000
vt 0.781250 0.000000
vt 0.812500 1.000000
vt 0.812500 0.000000
vt 0.843750 1.000000
vt 0.843750 0.000000
vt 0.875000 1.000000
vt 0.906250 1.000000
vt 0.906250 0.000000
vt 0.937500 1.000000
vt 0.937500 0.000000
vt 0.968750 1.000000
vt 0.968750 0.000000
vt 0.040000 1.000000
vt 0.080000 1.000000
vt 0.120000 1.000000
vt 0.160000 1.000000
vt 0.200000 1.000000
vt 0.240000 1.000000
vt 0.280000 1.000000
vt 0.320000 1.000000
vt 0.360000 1.000000
vt 0.400000 1.000000
vt 0.440000 1.000000
vt 0.480000 1.000000
vt 0.520000 1.000000
vt 0.560000 1.000000
vt 0.600000 1.000000
vt 0.640000 1.000000
vt 0.680000 1.000000
vt 0.720000 1.000000
vt 0.760000 1.000000
vt 0.800000 1.000000
vt 0.840000 1.000000
vt 0.880000 1.000000
vt 0.920000 1.000000
vt 0.960000 1.000000
vt 0.050000 1.000000
vt 0.050000 0.000000
vt 0.100000 1.000000
vt 0.100000 0.000000
vt 0.150000 1.000000
vt 0.150000 0.000000
vt 0.300000 1.000000
vt 0.300000 0.000000
vt 0.350000 1.000000
vt 0.350000 0.000000
vt 0.450000 1.000000
vt 0.450000 0.000000
vt 0.550000 1.000000
vt 0.550000 0.000000
vt 0.650000 1.000000
vt 0.650000 0.000000
vt 0.700000 1.000000
vt 0.700000 0.000000
vt 0.850000 1.000000
vt 0.850000 0.000000
vt 0.900000 1.000000
vt 0.900000 0.000000
vt 0.950000 1.000000
vt 0.950000 0.000000
vt 0.023810 1.000000
vt 0.047619 1.000000
vt 0.071429 1.000000
vt 0.095238 1.000000
vt 0.119048 1.000000
vt 0.190476 1.000000
vt 0.214286 1.000000
vt 0.238095 1.000000
vt 0.261905 1.000000
vt 0.309524 1.000000
vt 0.357143 1.000000
vt 0.380952 1.000000
vt 0.404762 1.000000
vt 0.452381 1.000000
vt 0.476190 1.000000
vt 0.523810 1.000000
vt 0.547619 1.000000
vt 0.595238 1.000000
vt 0.619048 1.000000
vt 0.642857 1.000000
vt 0.690476 1.000000
vt 0.738095 1.000000
vt 0.761905 1.000000
vt 0.785714 1.000000
vt 0.809524 1.000000
vt 0.880952 1.000000
vt 0.904762 1.000000
vt 0.928571 1.000000
vt 0.952381 1.000000
vt 0.976190 1.000000
vt 0.026316 1.000000
vt 0.026316 0.000000
vt 0.052632 1.000000
vt 0.078947 1.000000
vt 0.078947 0.000000
vt 0.105263 1.000000
vt 0.131579 1.000000
vt 0.131579 0.000000
vt 0.157895 1.000000
vt 0.184211 1.000000
vt 0.184211 0.000000
vt 0.210526 1.000000
vt 0.236842 1.000000
vt 0.236842 0.000000
vt 0.263158 1.000000
vt 0.289474 1.000000
vt 0.289474 0.000000
vt 0.315789 1.000000
vt 0.342105 1.000000
vt 0.342105 0.000000
vt 0.368421 1.000000
vt 0.394737 1.000000
vt 0.394737 0.000000
vt 0.421053 1.000000
vt 0.447368 1.000000
vt 0.447368 0.000000
vt 0.473684 1.000000
vt 0.526316 1.000000
vt 0.552632 1.000000
vt 0.552632 0.000000
vt 0.578947 1.000000
vt 0.605263 1.000000
vt 0.605263 0.000000
vt 0.631579 1.000000
vt 0.657895 1.000000
vt 0.657895 0.000000
vt 0.684211 1.000000
vt 0.710526 1.000000
vt 0.710526 0.000000
vt 0.736842 1.000000
vt 0.763158 1.000000
vt 0.763158 0.000000
vt 0.789474 1.000000
vt 0.815789 1.000000
vt 0.815789 0.000000
vt 0.842105 1.000000
vt 0.868421 1.000000
vt 0.868421 0.000000
vt 0.894737 1.000000
vt 0.921053 1.000000
vt 0.921053 0.000000
vt 0.947368 1.000000
vt 0.973684 1.000000
vt 0.973684 0.000000
vt 0.043478 1.000000
vt 0.043478 0.000000
vt 0.086957 1.000000
vt 0.086957 0.000000
vt 0.130435 1.000000
vt 0.130435 0.000000
vt 0.173913 1.000000
vt 0.173913 0.000000
vt 0.217391 1.000000
vt 0.217391 0.000000
vt 0.260870 1.000000
vt 0.260870 0.000000
vt 0.304348 1.000000
vt 0.304348 0.000000
vt 0.347826 1.000000
vt 0.347826 0.000000
vt 0.391304 1.000000
vt 0.391304 0.000000
vt 0.434783 1.000000
vt 0.434783 0.000000
vt 0.478261 1.000000
vt 0.478261 0.000000
vt 0.521739 1.000000
vt 0.521739 0.000000
vt 0.565217 1.000000
vt 0.565217 0.000000
vt 0.608696 1.000000
vt 0.608696 0.000000
vt 0.652174 1.000000
vt 0.652174 0.000000
vt 0.695652 1.000000
vt 0.695652 0.000000
vt 0.739130 1.000000
vt 0.739130 0.000000
vt 0.782609 1.000000
vt 0.782609 0.000000
vt 0.826087 1.000000
vt 0.826087 0.000000
vt 0.869565 1.000000
vt 0.869565 0.000000
vt 0.913043 1.000000
vt 0.913043 0.000000
vt 0.956522 1.000000
vt 0.956522 0.000000
vt 0.029412 1.000000
vt 0.058824 1.000000
vt 0.088235 1.000000
vt 0.117647 1.000000
vt 0.147059 1.000000
vt 0.176471 1.000000
vt 0.205882 1.000000
vt 0.235294 1.000000
vt 0.264706 1.000000
vt 0.294118 1.000000
vt 0.323529 1.000000
vt 0.352941 1.000000
vt 0.382353 1.000000
vt 0.411765 1.000000
vt 0.441176 1.000000
vt 0.470588 1.000000
vt 0.529412 1.000000
vt 0.558824 1.000000
vt 0.588235 1.000000
vt 0.617647 1.000000
vt 0.647059 1.000000
vt 0.676471 1.000000
vt 0.705882 1.000000
vt 0.735294 1.000000
vt 0.764706 1.000000
vt 0.794118 1.000000
vt 0.823529 1.000000
vt 0.852941 1.000000
vt 0.882353 1.000000
vt 0.911765 1.000000
vt 0.941176 1.000000
vt 0.970588 1.000000
vt 0.021739 1.000000
vt 0.021739 0.000000
vt 0.065217 1.000000
vt 0.065217 0.000000
vt 0.108696 1.000000
vt 0.108696 0.000000
vt 0.152174 1.000000
vt 0.152174 0.000000
vt 0.195652 1.000000
vt 0.195652 0.000000
vt 0.239130 1.000000
vt 0.239130 0.000000
vt 0.282609 1.000000
vt 0.282609 0.000000
vt 0.326087 1.000000
vt 0.326087 0.000000
vt 0.369565 1.000000
vt 0.369565 0.000000
vt 0.413043 1.000000
vt 0.413043 0.000000
vt 0.456522 1.000000
vt 0.456522 0.000000
vt 0.543478 1.000000
vt 0.543478 0.000000
vt 0.586957 1.000000
vt 0.586957 0.000000
vt 0.630435 1.000000
vt 0.630435 0.000000
vt 0.673913 1.000000
vt 0.673913 0.000000
vt 0.717391 1.000000
vt 0.717391 0.000000
vt 0.760870 1.000000
vt 0.760870 0.000000
vt 0.804348 1.000000
vt 0.804348 0.000000
vt 0.847826 1.000000
vt 0.847826 0.000000
vt 0.891304 1.000000
vt 0.891304 0.000000
vt 0.934783 1.000000
vt 0.934783 0.000000
vt 0.978261 1.000000
vt 0.978261 0.000000
vt 0.038462 1.000000
vt 0.038462 0.000000
vt 0.115385 1.000000
vt 0.115385 0.000000
vt 0.192308 1.000000
vt 0.192308 0.000000
vt 0.269231 1.000000
vt 0.269231 0.000000
vt 0.346154 1.000000
vt 0.346154 0.000000
vt 0.423077 1.000000
vt 0.423077 0.000000
vt 0.576923 1.000000
vt 0.576923 0.000000
vt 0.653846 1.000000
vt 0.653846 0.000000
vt 0.730769 1.000000
vt 0.730769 0.000000
vt 0.807692 1.000000
vt 0.807692 0.000000
vt 0.884615 1.000000
vt 0.884615 0.000000
vt 0.961538 1.000000
vt 0.961538 0.000000
vt 0.111111 1.000000
vt 0.222222 1.000000
vt 0.444444 1.000000
vt 0.555556 1.000000
vt 0.777778 1.000000
vt 0.888889 1.000000
vt 0.023256 1.000000
vt 0.023256 0.000000
vt 0.046512 1.000000
vt 0.046512 0.000000
vt 0.069767 1.000000
vt 0.069767 0.000000
vt 0.093023 1.000000
vt 0.093023 0.000000
vt 0.116279 1.000000
vt 0.116279 0.000000
vt 0.139535 1.000000
vt 0.139535 0.000000
vt 0.162791 1.000000
vt 0.162791 0.000000
vt 0.186047 1.000000
vt 0.186047 0.000000
vt 0.209302 1.000000
vt 0.209302 0.000000
vt 0.232558 1.000000
vt 0.232558 0.000000
vt 0.255814 1.000000
vt 0.255814 0.000000
vt 0.279070 1.000000
vt 0.279070 0.000000
vt 0.302326 1.000000
vt 0.302326 0.000000
vt 0.325581 1.000000
vt 0.325581 0.000000
vt 0.348837 1.000000
vt 0.348837 0.000000
vt 0.372093 1.000000
vt 0.372093 0.000000
vt 0.395349 1.000000
vt 0.395349 0.000000
vt 0.418605 1.000000
vt 0.418605 0.000000
vt 0.441860 1.000000
vt 0.441860 0.000000
vt 0.465116 1.000000
vt 0.465116 0.000000
vt 0.488372 1.000000
vt 0.488372 0.000000
vt 0.511628 1.000000
vt 0.511628 0.000000
vt 0.534884 1.000000
vt 0.534884 0.000000
vt 0.558140 1.000000
vt 0.558140 0.000000
vt 0.581395 1.000000
vt 0.581395 0.000000
vt 0.604651 1.000000
vt 0.604651 0.000000
vt 0.627907 1.000000
vt 0.627907 0.000000
vt 0.651163 1.000000
vt 0.651163 0.000000
vt 0.674419 1.000000
vt 0.674419 0.000000
vt 0.697674 1.000000
vt 0.697674 0.000000
vt 0.720930 1.000000
vt 0.720930 0.000000
vt 0.744186 1.000000
vt 0.744186 0.000000
vt 0.767442 1.000000
vt 0.767442 0.000000
vt 0.790698 1.000000
vt 0.790698 0.000000
vt 0.813953 1.000000
vt 0.813953 0.000000
vt 0.837209 1.000000
vt 0.837209 0.000000
vt 0.860465 1.000000
vt 0.860465 0.000000
vt 0.883721 1.000000
vt 0.883721 0.000000
vt 0.906977 1.000000
vt 0.906977 0.000000
vt 0.930233 1.000000
vt 0.930233 0.000000
vt 0.953488 1.000000
vt 0.953488 0.000000
vt 0.976744 1.000000
vt 0.976744 0.000000
s 0
f 316/246/64 315/247/64 317/248/64
f 318/249/64 317/248/64 315/247/64
f 315/247/64 277/250/64 318/249/64
f 277/250/64 315/247/64 314/251/64
f 314/251/64 313/252/64 277/250/64
f 313/252/64 278/253/64 277/250/64
f 318/249/64 277/250/64 319/254/64
f 281/255/64 311/256/64 310/257/64
f 311/256/64 281/255/64 280/258/64
f 309/259/64 283/260/64 310/257/64
f 283/260/64 282/261/64 310/257/64
f 281/255/64 310/257/64 282/261/64
f 278/253/64 313/252/64 312/262/64
f 279/263/64 278/253/64 312/262/64
f 312/262/64 311/256/64 279/263/64
f 311/256/64 280/258/64 279/263/64
f 288/264/64 301/265/64 300/266/64
f 287/267/64 302/268/64 301/265/64
f 301/265/64 288/264/64 287/267/64
f 285/269/64 304/270/64 303/271/64
f 286/272/64 285/269/64 303/271/64
f 303/271/64 302/268/64 286/272/64
f 302/268/64 287/267/64 286/272/64
f 294/273/64 293/274/64 296/275/64
f 294/273/64 296/275/64 295/276/64
f 296/275/64 293/274/64 297/277/64
f 293/274/64 292/278/64 297/277/64
f 292/278/64 291/279/64 297/277/64
f 298/280/64 297/277/64 291/279/64
f 291/279/64 290/281/64 298/280/64
f 299/282/64 298/280/64 290/281/64
f 289/283/64 299/282/64 290/281/64
f 299/282/64 289/283/64 300/266/64
f 288/264/64 300/266/64 289/283/64
f 307/284/64 306/285/64 305/286/64
f 305/286/64 304/270/64 307/284/64
f 308/287/64 307/284/64 304/270/64
f 304/270/64 285/269/64 308/287/64
f 309/259/64 308/287/64 285/269/64
f 285/269/64 284/288/64 309/259/64
f 283/260/64 309/259/64 284/288/64
f 327/289/64 326/290/64 336/291/64
f 336/291/64 353/292/64 327/289/64
f 328/293/64 327/289/64 353/292/64
f 353/292/64 352/294/64 328/293/64
f 352/294/64 329/295/64 328/293/64
f 349/296/64 331/297/64 350/298/64
f 339/299/64 338/300/64 324/301/64
f 330/302/64 351/303/64 350/298/64
f 350/298/64 331/297/64 330/302/64
f 324/301/64 338/300/64 325/304/64
f 338/300/64 337/280/64 325/304/64
f 326/290/64 325/304/64 337/280/64
f 336/291/64 326/290/64 337/280/64
f 329/295/64 352/294/64 351/303/64
f 351/303/64 330/302/64 329/295/64
f 340/305/64 323/306/64 322/307/64
f 321/308/64 341/309/64 322/307/64
f 340/305/64 322/307/64 341/309/64
f 347/310/64 332/311/64 348/312/64
f 345/313/64 344/314/64 343/315/64
f 345/313/64 343/315/64 320/250/64
f 342/316/64 320/250/64 343/315/64
f 335/317/64 334/318/64 354/254/64
f 320/250/64 342/316/64 321/308/64
f 341/309/64 321/308/64 342/316/64
f 354/254/64 334/318/64 346/319/64
f 334/318/64 333/320/64 346/319/64
f 347/310/64 346/319/64 333/320/64
f 332/311/64 347/310/64 333/320/64
f 339/299/64 324/301/64 323/306/64
f 323/306/64 340/305/64 339/299/64
f 353/292/64 336/291/64 354/254/64
f 331/297/64 349/296/64 348/312/64
f 348/312/64 332/311/64 331/297/64
f 335/317/64 354/254/64 336/291/64
f 378/321/64 377/322/64 376/323/64
f 372/324/64 360/325/64 373/326/64
f 360/325/64 359/327/64 373/326/64
f 374/328/64 373/326/64 359/327/64
f 375/329/64 374/328/64 359/327/64
f 359/327/64 358/330/64 375/329/64
f 376/323/64 375/329/64 358/330/64
f 358/330/64 357/331/64 376/323/64
f 357/331/64 380/254/64 376/323/64
f 378/321/64 376/323/64 380/254/64
f 380/254/64 379/332/64 378/321/64
f 361/333/64 371/334/64 362/335/64
f 363/336/64 370/337/64 369/338/64
f 362/335/64 371/334/64 370/337/64
f 370/337/64 363/336/64 362/335/64
f 364/339/64 368/340/64 367/341/64
f 365/342/64 364/339/64 367/341/64
f 367/341/64 366/343/64 365/342/64
f 368/340/64 364/339/64 369/338/64
f 363/336/64 369/338/64 364/339/64
f 371/334/64 361/333/64 372/324/64
f 360/325/64 372/324/64 361/333/64
f 380/254/64 357/331/64 356/344/64
f 356/344/64 355/250/64 380/254/64
f 402/345/64 407/346/64 403/347/64
f 406/348/64 403/347/64 407/346/64
f 403/347/64 406/348/64 404/349/64
f 405/350/64 404/349/64 406/348/64
f 409/351/64 408/337/64 401/352/64
f 391/353/64 390/325/64 415/354/64
f 401/352/64 408/337/64 402/345/64
f 407/346/64 402/345/64 408/337/64
f 415/354/64 390/325/64 416/355/64
f 390/325/64 389/356/64 416/355/64
f 417/329/64 416/355/64 389/356/64
f 389/356/64 388/357/64 417/329/64
f 418/358/64 417/329/64 388/357/64
f 388/357/64 387/359/64 418/358/64
f 419/360/64 418/358/64 387/359/64
f 387/359/64 386/361/64 419/360/64
f 420/362/64 419/360/64 386/361/64
f 386/361/64 385/363/64 420/362/64
f 385/363/64 421/364/64 420/362/64
f 384/365/64 383/366/64 422/367/64
f 426/254/64 425/368/64 381/250/64
f 424/369/64 381/250/64 425/368/64
f 410/370/64 400/371/64 399/342/64
f 411/286/64 410/370/64 399/342/64
f 399/342/64 398/372/64 411/286/64
f 412/373/64 411/286/64 398/372/64
f 398/372/64 397/374/64 412/373/64
f 413/375/64 412/373/64 397/374/64
f 397/374/64 396/279/64 413/375/64
f 396/279/64 395/376/64 413/375/64
f 395/376/64 394/377/64 413/375/64
f 394/377/64 393/378/64 413/375/64
f 414/379/64 413/375/64 393/378/64
f 392/380/64 414/379/64 393/378/64
f 381/250/64 424/369/64 382/381/64
f 424/369/64 423/382/64 382/381/64
f 383/366/64 382/381/64 423/382/64
f 422/367/64 383/366/64 423/382/64
f 409/351/64 401/352/64 400/371/64
f 400/371/64 410/370/64 409/351/64
f 414/379/64 392/380/64 415/354/64
f 391/353/64 415/354/64 392/380/64
f 421/364/64 385/363/64 384/365/64
f 384/365/64 422/367/64 421/364/64
f 433/252/64 432/284/64 431/265/64
f 433/252/64 431/265/64 434/254/64
f 431/265/64 428/260/64 434/254/64
f 427/250/64 434/254/64 428/260/64
f 428/260/64 431/265/64 429/283/64
f 430/276/64 429/283/64 431/265/64
f 456/383/64 455/384/64 454/385/64
f 453/386/64 457/387/64 454/385/64
f 456/383/64 454/385/64 457/387/64
f 466/388/64 442/389/64 467/390/64
f 468/391/64 467/390/64 442/389/64
f 450/392/64 459/393/64 451/394/64
f 458/395/64 452/396/64 451/394/64
f 451/394/64 459/393/64 458/395/64
f 470/397/64 440/398/64 439/399/64
f 457/387/64 453/386/64 452/396/64
f 452/396/64 458/395/64 457/387/64
f 465/400/64 443/401/64 466/388/64
f 442/389/64 466/388/64 443/401/64
f 468/391/64 442/389/64 441/402/64
f 469/403/64 468/391/64 441/402/64
f 441/402/64 440/398/64 469/403/64
f 440/398/64 470/397/64 469/403/64
f 471/404/64 438/405/64 437/406/64
f 449/407/64 461/408/64 460/409/64
f 471/404/64 437/406/64 472/410/64
f 448/411/64 447/412/64 462/413/64
f 463/414/64 462/413/64 447/412/64
f 447/412/64 446/415/64 463/414/64
f 446/415/64 445/416/64 463/414/64
f 476/254/64 475/417/64 435/250/64
f 474/418/64 435/250/64 475/417/64
f 461/408/64 449/407/64 448/411/64
f 448/411/64 462/413/64 461/408/64
f 463/414/64 445/416/64 464/419/64
f 444/420/64 464/419/64 445/416/64
f 435/250/64 474/418/64 436/421/64
f 474/418/64 473/422/64 436/421/64
f 437/406/64 436/421/64 473/422/64
f 472/410/64 437/406/64 473/422/64
f 449/407/64 460/409/64 450/392/64
f 459/393/64 450/392/64 460/409/64
f 464/419/64 444/420/64 465/400/64
f 443/401/64 465/400/64 444/420/64
f 438/405/64 471/404/64 439/399/64
f 470/397/64 439/399/64 471/404/64
f 498/345/64 503/346/64 499/347/64
f 502/348/64 499/347/64 503/346/64
f 499/347/64 502/348/64 500/349/64
f 501/350/64 500/349/64 502/348/64
f 505/351/64 504/337/64 497/352/64
f 487/353/64 486/325/64 511/354/64
f 497/352/64 504/337/64 498/345/64
f 503/346/64 498/345/64 504/337/64
f 511/354/64 486/325/64 512/355/64
f 486/325/64 485/356/64 512/355/64
f 513/329/64 512/355/64 485/356/64
f 485/356/64 484/357/64 513/329/64
f 514/358/64 513/329/64 484/357/64
f 484/357/64 483/359/64 514/358/64
f 515/360/64 514/358/64 483/359/64
f 483/359/64 482/361/64 515/360/64
f 516/362/64 515/360/64 482/361/64
f 482/361/64 481/363/64 516/362/64
f 481/363/64 517/364/64 516/362/64
f 480/365/64 479/366/64 518/367/64
f 522/254/64 521/368/64 477/250/64
f 520/369/64 477/250/64 521/368/64
f 506/370/64 496/371/64 495/342/64
f 507/286/64 506/370/64 495/342/64
f 495/342/64 494/372/64 507/286/64
f 508/373/64 507/286/64 494/372/64
f 494/372/64 493/374/64 508/373/64
f 509/375/64 508/373/64 493/374/64
f 493/374/64 492/279/64 509/375/64
f 492/279/64 491/376/64 509/375/64
f 491/376/64 490/377/64 509/375/64
f 490/377/64 489/378/64 509/375/64
f 510/379/64 509/375/64 489/378/64
f 488/380/64 510/379/64 489/378/64
f 477/250/64 520/369/64 478/381/64
f 520/369/64 519/382/64 478/381/64
f 479/366/64 478/381/64 519/382/64
f 518/367/64 479/366/64 519/382/64
f 505/351/64 497/352/64 496/371/64
f 496/371/64 506/370/64 505/351/64
f 510/379/64 488/380/64 511/354/64
f 487/353/64 511/354/64 488/380/64
f 517/364/64 481/363/64 480/365/64
f 480/365/64 518/367/64 517/364/64
f 545/286/64 531/423/64 546/424/64
f 547/425/64 546/424/64 531/423/64
f 531/423/64 530/426/64 547/425/64
f 548/427/64 547/425/64 530/426/64
f 530/426/64 529/428/64 548/427/64
f 549/429/64 548/427/64 529/428/64
f 526/430/64 551/431/64 527/432/64
f 543/433/64 533/434/64 544/435/64
f 532/436/64 544/435/64 533/434/64
f 550/437/64 528/438/64 527/432/64
f 527/432/64 551/431/64 550/437/64
f 544/435/64 532/436/64 545/286/64
f 531/423/64 545/286/64 532/436/64
f 549/429/64 529/428/64 528/438/64
f 528/438/64 550/437/64 549/429/64
f 534/279/64 542/439/64 535/440/64
f 524/441/64 553/442/64 525/443/64
f 552/444/64 525/443/64 553/442/64
f 540/445/64 539/446/64 537/447/64
f 539/446/64 538/448/64 537/447/64
f 556/254/64 555/449/64 523/250/64
f 554/450/64 523/250/64 555/449/64
f 535/440/64 542/439/64 541/451/64
f 536/452/64 535/440/64 541/451/64
f 541/451/64 540/445/64 536/452/64
f 540/445/64 537/447/64 536/452/64
f 523/250/64 554/450/64 524/441/64
f 553/442/64 524/441/64 554/450/64
f 542/439/64 534/279/64 543/433/64
f 533/434/64 543/433/64 534/279/64
f 525/443/64 552/444/64 526/430/64
f 551/431/64 526/430/64 552/444/64
f 564/453/64 563/454/64 565/455/64
f 562/456/64 566/457/64 563/454/64
f 565/455/64 563/454/64 566/457/64
f 571/458/64 573/459/64 572/460/64
f 570/461/64 574/462/64 573/459/64
f 573/459/64 571/458/64 570/461/64
f 558/463/64 557/250/64 560/464/64
f 560/464/64 559/465/64 558/463/64
f 561/466/64 576/254/64 575/467/64
f 562/456/64 561/466/64 575/467/64
f 575/467/64 574/462/64 562/456/64
f 566/457/64 562/456/64 574/462/64
f 574/462/64 570/461/64 566/457/64
f 570/461/64 569/468/64 566/457/64
f 567/469/64 566/457/64 569/468/64
f 569/468/64 568/470/64 567/469/64
f 598/471/64 597/262/64 596/472/64
f 599/473/64 598/471/64 596/472/64
f 596/472/64 601/254/64 599/473/64
f 577/250/64 595/474/64 594/475/64
f 578/476/64 577/250/64 594/475/64
f 594/475/64 593/286/64 578/476/64
f 593/286/64 579/477/64 578/476/64
f 601/254/64 596/472/64 595/474/64
f 595/474/64 577/250/64 601/254/64
f 580/478/64 592/479/64 581/288/64
f 581/288/64 592/479/64 591/480/64
f 586/481/64 585/279/64 587/482/64
f 588/483/64 587/482/64 585/279/64
f 588/483/64 585/279/64 589/280/64
f 585/279/64 584/484/64 589/280/64
f 590/485/64 589/280/64 584/484/64
f 584/484/64 583/486/64 590/485/64
f 583/486/64 582/487/64 590/485/64
f 591/480/64 590/485/64 582/487/64
f 581/288/64 591/480/64 582/487/64
f 592/479/64 580/478/64 593/286/64
f 579/477/64 593/286/64 580/478/64
f 599/473/64 601/254/64 600/488/64
f 631/254/64 616/489/64 618/490/64
f 602/250/64 617/491/64 616/489/64
f 616/489/64 631/254/64 602/250/64
f 603/492/64 602/250/64 631/254/64
f 631/254/64 630/493/64 603/492/64
f 614/494/64 620/495/64 615/496/64
f 619/497/64 615/496/64 620/495/64
f 620/495/64 614/494/64 613/498/64
f 613/498/64 621/499/64 620/495/64
f 615/496/64 619/497/64 616/489/64
f 618/490/64 616/489/64 619/497/64
f 629/500/64 604/501/64 630/493/64
f 603/492/64 630/493/64 604/501/64
f 622/502/64 612/503/64 611/504/64
f 611/504/64 623/505/64 622/502/64
f 627/506/64 605/507/64 628/508/64
f 610/509/64 609/510/64 624/511/64
f 609/510/64 608/512/64 624/511/64
f 625/513/64 624/511/64 608/512/64
f 626/514/64 625/513/64 608/512/64
f 608/512/64 607/515/64 626/514/64
f 623/505/64 611/504/64 610/509/64
f 610/509/64 624/511/64 623/505/64
f 626/514/64 607/515/64 627/506/64
f 607/515/64 606/516/64 627/506/64
f 605/507/64 627/506/64 606/516/64
f 621/499/64 613/498/64 612/503/64
f 612/503/64 622/502/64 621/499/64
f 628/508/64 605/507/64 629/500/64
f 604/501/64 629/500/64 605/507/64
f 646/517/64 645/518/64 685/519/64
f 647/520/64 646/517/64 685/519/64
f 685/519/64 684/521/64 647/520/64
f 648/522/64 647/520/64 684/521/64
f 662/523/64 661/524/64 660/525/64
f 660/525/64 659/526/64 662/523/64
f 663/527/64 662/523/64 659/526/64
f 659/526/64 664/528/64 663/527/64
f 642/529/64 687/530/64 643/531/64
f 686/532/64 643/531/64 687/530/64
f 641/533/64 689/534/64 688/535/64
f 666/536/64 657/537/64 656/538/64
f 641/533/64 688/535/64 642/529/64
f 687/530/64 642/529/64 688/535/64
f 681/539/64 651/540/64 682/541/64
f 665/542/64 658/543/64 657/537/64
f 657/537/64 666/536/64 665/542/64
f 643/531/64 686/532/64 644/544/64
f 645/518/64 644/544/64 686/532/64
f 685/519/64 645/518/64 686/532/64
f 648/522/64 684/521/64 683/545/64
f 649/546/64 648/522/64 683/545/64
f 650/547/64 649/546/64 683/545/64
f 683/545/64 682/541/64 650/547/64
f 682/541/64 651/540/64 650/547/64
f 664/528/64 659/526/64 658/543/64
f 658/543/64 665/542/64 664/528/64
f 690/548/64 640/549/64 639/550/64
f 639/550/64 691/551/64 690/548/64
f 691/551/64 639/550/64 692/552/64
f 667/553/64 655/554/64 668/555/64
f 635/556/64 634/557/64 674/558/64
f 674/558/64 673/559/64 635/556/64
f 680/560/64 679/561/64 678/562/64
f 675/563/64 633/564/64 632/250/64
f 676/565/65 675/563/65 632/250/65
f 632/250/64 680/560/64 676/565/64
f 677/566/64 676/565/64 680/560/64
f 680/560/64 678/562/64 677/566/64
f 674/558/64 634/557/64 633/564/64
f 633/564/64 675/563/64 674/558/64
f 635/556/64 673/559/64 636/567/64
f 637/568/64 636/567/64 673/559/64
f 638/569/64 637/568/64 673/559/64
f 673/559/64 672/570/64 638/569/64
f 639/550/64 638/569/64 672/570/64
f 692/552/64 639/550/64 672/570/64
f 672/570/64 671/571/64 692/552/64
f 693/254/64 692/552/64 671/571/64
f 671/571/64 670/572/64 693/254/64
f 652/573/64 693/254/64 670/572/64
f 653/574/64 652/573/64 670/572/64
f 654/575/64 653/574/64 670/572/64
f 670/572/64 669/576/64 654/575/64
f 655/554/64 654/575/64 669/576/64
f 668/555/64 655/554/64 669/576/64
f 689/534/64 641/533/64 640/549/64
f 640/549/64 690/548/64 689/534/64
f 651/540/64 681/539/64 693/254/64
f 693/254/64 652/573/64 651/540/64
f 655/554/64 667/553/64 656/538/64
f 666/536/64 656/538/64 667/553/64
f 713/577/64 712/437/64 714/442/64
f 715/578/64 714/442/64 712/437/64
f 696/430/64 710/425/64 709/579/64
f 695/580/64 711/581/64 710/425/64
f 710/425/64 696/430/64 695/580/64
f 715/578/64 712/437/64 711/581/64
f 694/250/64 715/578/64 711/581/64
f 711/581/64 695/580/64 694/250/64
f 715/578/64 694/250/64 716/254/64
f 698/428/64 697/582/64 708/435/64
f 707/583/64 699/584/64 708/435/64
f 698/428/64 708/435/64 699/584/64
f 704/448/64 703/585/64 705/280/64
f 703/585/64 702/440/64 705/280/64
f 705/280/64 702/440/64 706/451/64
f 702/440/64 701/586/64 706/451/64
f 701/586/64 700/436/64 706/451/64
f 707/583/64 706/451/64 700/436/64
f 699/584/64 707/583/64 700/436/64
f 708/435/64 697/582/64 709/579/64
f 696/430/64 709/579/64 697/582/64
f 741/587/64 725/588/64 724/589/64
f 740/590/64 739/591/64 726/592/64
f 722/593/64 742/594/64 723/595/64
f 724/589/64 723/595/64 742/594/64
f 741/587/64 724/589/64 742/594/64
f 725/588/64 741/587/64 740/590/64
f 740/590/64 726/592/64 725/588/64
f 743/596/64 721/597/64 744/598/64
f 744/598/64 721/597/64 720/599/64
f 720/599/64 745/600/64 744/598/64
f 737/601/64 728/602/64 738/603/64
f 727/604/64 738/603/64 728/602/64
f 721/597/64 743/596/64 722/593/64
f 742/594/64 722/593/64 743/596/64
f 738/603/64 727/604/64 739/591/64
f 726/592/64 739/591/64 727/604/64
f 719/605/64 747/606/64 746/607/64
f 735/608/64 730/609/64 736/610/64
f 729/611/64 736/610/64 730/609/64
f 717/250/64 754/254/64 749/612/64
f 750/613/64 749/612/64 754/254/64
f 754/254/64 753/614/64 750/613/64
f 733/615/64 732/616/64 734/617/64
f 731/618/64 734/617/64 732/616/64
f 747/606/64 719/605/64 718/619/64
f 748/620/64 747/606/64 718/619/64
f 718/619/64 717/250/64 748/620/64
f 717/250/64 749/612/64 748/620/64
f 750/613/64 753/614/64 752/621/64
f 734/617/64 731/618/64 735/608/64
f 730/609/64 735/608/64 731/618/64
f 745/600/64 720/599/64 719/605/64
f 719/605/64 746/607/64 745/600/64
f 750/613/64 752/621/64 751/622/64
f 736/610/64 729/611/64 737/601/64
f 728/602/64 737/601/64 729/611/64
f 760/482/64 764/474/64 761/280/64
f 762/480/64 761/280/64 764/474/64
f 763/286/64 762/480/64 764/474/64
f 767/254/64 757/288/64 756/477/64
f 756/477/64 755/250/64 767/254/64
f 757/288/64 767/254/64 758/486/64
f 759/279/64 766/473/64 765/262/64
f 766/473/64 759/279/64 767/254/64
f 764/474/64 759/279/64 765/262/64
f 764/474/64 760/482/64 759/279/64
f 758/486/64 767/254/64 759/279/64
f 774/623/64 773/624/64 784/625/64
f 775/626/64 774/623/64 784/625/64
f 784/625/64 799/254/64 775/626/64
f 776/627/64 775/626/64 799/254/64
f 799/254/64 798/628/64 776/627/64
f 798/628/64 777/629/64 776/627/64
f 785/630/64 772/631/64 786/632/64
f 778/633/64 797/634/64 796/635/64
f 772/631/64 785/630/64 773/624/64
f 784/625/64 773/624/64 785/630/64
f 777/629/64 798/628/64 797/634/64
f 797/634/64 778/633/64 777/629/64
f 788/636/64 771/637/64 770/638/64
f 770/638/64 789/639/64 788/636/64
f 793/640/64 780/641/64 794/642/64
f 779/643/64 794/642/64 780/641/64
f 769/644/64 768/250/64 790/645/64
f 791/646/64 790/645/64 768/250/64
f 768/250/64 783/647/64 791/646/64
f 783/647/64 782/648/64 791/646/64
f 792/649/64 791/646/64 782/648/64
f 781/650/64 792/649/64 782/648/64
f 789/639/64 770/638/64 769/644/64
f 769/644/64 790/645/64 789/639/64
f 792/649/64 781/650/64 793/640/64
f 780/641/64 793/640/64 781/650/64
f 786/632/64 772/631/64 771/637/64
f 787/651/64 786/632/64 771/637/64
f 771/637/64 788/636/64 787/651/64
f 794/642/64 779/643/64 795/652/64
f 796/635/64 795/652/64 779/643/64
f 778/633/64 796/635/64 779/643/64
f 821/471/64 820/262/64 819/472/64
f 822/473/64 821/471/64 819/472/64
f 819/472/64 824/254/64 822/473/64
f 824/254/64 823/488/64 822/473/64
f 800/250/64 818/474/64 817/475/64
f 801/476/64 800/250/64 817/475/64
f 817/475/64 816/286/64 801/476/64
f 816/286/64 802/477/64 801/476/64
f 824/254/64 819/472/64 818/474/64
f 818/474/64 800/250/64 824/254/64
f 803/478/64 815/479/64 804/288/64
f 804/288/64 815/479/64 814/480/64
f 809/481/64 808/279/64 810/482/64
f 811/483/64 810/482/64 808/279/64
f 811/483/64 808/279/64 812/280/64
f 808/279/64 807/484/64 812/280/64
f 813/485/64 812/280/64 807/484/64
f 807/484/64 806/486/64 813/485/64
f 806/486/64 805/487/64 813/485/64
f 814/480/64 813/485/64 805/487/64
f 804/288/64 814/480/64 805/487/64
f 815/479/64 803/478/64 816/286/64
f 802/477/64 816/286/64 803/478/64
f 846/383/64 845/384/64 844/385/64
f 843/386/64 847/387/64 844/385/64
f 846/383/64 844/385/64 847/387/64
f 856/388/64 832/389/64 857/390/64
f 858/391/64 857/390/64 832/389/64
f 840/392/64 849/393/64 841/394/64
f 848/395/64 842/396/64 841/394/64
f 841/394/64 849/393/64 848/395/64
f 860/397/64 830/398/64 829/399/64
f 847/387/64 843/386/64 842/396/64
f 842/396/64 848/395/64 847/387/64
f 855/400/64 833/401/64 856/388/64
f 832/389/64 856/388/64 833/401/64
f 858/391/64 832/389/64 831/402/64
f 859/403/64 858/391/64 831/402/64
f 831/402/64 830/398/64 859/403/64
f 830/398/64 860/397/64 859/403/64
f 861/404/64 828/405/64 827/406/64
f 839/407/64 851/408/64 850/409/64
f 861/404/64 827/406/64 862/410/64
f 838/411/64 837/412/64 852/413/64
f 853/414/64 852/413/64 837/412/64
f 837/412/64 836/415/64 853/414/64
f 836/415/64 835/416/64 853/414/64
f 866/254/64 865/417/64 825/250/64
f 864/418/64 825/250/64 865/417/64
f 851/408/64 839/407/64 838/411/64
f 838/411/64 852/413/64 851/408/64
f 853/414/64 835/416/64 854/419/64
f 834/420/64 854/419/64 835/416/64
f 825/250/64 864/418/64 826/421/64
f 864/418/64 863/422/64 826/421/64
f 827/406/64 826/421/64 863/422/64
f 862/410/64 827/406/64 863/422/64
f 839/407/64 850/409/64 840/392/64
f 849/393/64 840/392/64 850/409/64
f 854/419/64 834/420/64 855/400/64
f 833/401/64 855/400/64 834/420/64
f 828/405/64 861/404/64 829/399/64
f 860/397/64 829/399/64 861/404/64
f 877/584/64 876/653/64 908/654/64
f 908/654/64 907/442/64 877/584/64
f 878/486/64 877/584/64 907/442/64
f 879/436/64 878/486/64 907/442/64
f 907/442/64 906/655/64 879/436/64
f 880/656/64 879/436/64 906/655/64
f 873/582/64 911/254/64 874/657/64
f 874/657/64 911/254/64 910/658/64
f 903/437/64 882/659/64 904/660/64
f 890/661/64 867/250/64 891/451/64
f 874/657/64 910/658/64 875/428/64
f 910/658/64 909/578/64 875/428/64
f 876/653/64 875/428/64 909/578/64
f 908/654/64 876/653/64 909/578/64
f 880/656/64 906/655/64 905/577/64
f 881/586/64 880/656/64 905/577/64
f 905/577/64 904/660/64 881/586/64
f 904/660/64 882/659/64 881/586/64
f 892/662/64 872/663/64 871/430/64
f 871/430/64 893/583/64 892/662/64
f 901/581/64 883/440/64 902/664/64
f 886/665/64 885/585/64 899/425/64
f 888/666/64 887/448/64 870/667/64
f 895/435/64 870/667/64 887/448/64
f 887/448/64 886/665/64 895/435/64
f 896/668/64 895/435/64 886/665/64
f 897/579/64 896/668/64 886/665/64
f 898/669/64 897/579/64 886/665/64
f 886/665/64 899/425/64 898/669/64
f 899/425/64 885/585/64 900/474/64
f 885/585/64 884/670/64 900/474/64
f 868/671/64 889/280/64 888/666/64
f 869/580/64 868/671/64 888/666/64
f 888/666/64 870/667/64 869/580/64
f 893/583/64 871/430/64 870/667/64
f 894/672/64 893/583/64 870/667/64
f 870/667/64 895/435/64 894/672/64
f 900/474/64 884/670/64 901/581/64
f 883/440/64 901/581/64 884/670/64
f 867/250/64 890/661/64 889/280/64
f 889/280/64 868/671/64 867/250/64
f 911/254/64 873/582/64 872/663/64
f 872/663/64 892/662/64 911/254/64
f 902/664/64 883/440/64 903/437/64
f 882/659/64 903/437/64 883/440/64
f 913/673/64 964/674/64 914/675/64
f 915/263/64 914/675/64 964/674/64
f 964/674/64 963/256/64 915/263/64
f 916/676/64 915/263/64 963/256/64
f 963/256/64 962/677/64 916/676/64
f 917/678/64 916/676/64 962/677/64
f 962/677/64 918/255/64 917/678/64
f 943/679/64 967/680/64 966/252/64
f 975/254/64 950/681/64 960/259/64
f 943/679/64 966/252/64 912/250/64
f 965/682/64 912/250/64 966/252/64
f 926/353/64 945/282/64 944/683/64
f 912/250/64 965/682/64 913/673/64
f 964/674/64 913/673/64 965/682/64
f 918/255/64 962/677/64 961/355/64
f 919/361/64 918/255/64 961/355/64
f 961/355/64 960/259/64 919/361/64
f 960/259/64 950/681/64 919/361/64
f 950/681/64 949/684/64 919/361/64
f 920/685/64 919/361/64 949/684/64
f 949/684/64 948/265/64 920/685/64
f 921/260/64 920/685/64 948/265/64
f 922/686/64 921/260/64 948/265/64
f 948/265/64 947/348/64 922/686/64
f 923/687/64 922/686/64 947/348/64
f 924/269/64 923/687/64 947/348/64
f 947/348/64 946/688/64 924/269/64
f 925/689/64 924/269/64 946/688/64
f 946/688/64 945/282/64 925/689/64
f 945/282/64 926/353/64 925/689/64
f 927/267/64 959/690/64 958/691/64
f 942/277/64 969/247/64 968/364/64
f 957/284/64 928/692/64 958/691/64
f 927/267/64 958/691/64 928/692/64
f 940/352/64 939/276/64 970/693/64
f 971/694/64 970/693/64 939/276/64
f 939/276/64 938/695/64 971/694/64
f 972/248/64 971/694/64 938/695/64
f 938/695/64 937/696/64 972/248/64
f 936/274/64 972/248/64 937/696/64
f 969/247/64 942/277/64 941/697/64
f 941/697/64 940/352/64 969/247/64
f 940/352/64 970/693/64 969/247/64
f 972/248/64 936/274/64 973/698/64
f 936/274/64 935/699/64 973/698/64
f 974/700/64 973/698/64 935/699/64
f 952/701/64 974/700/64 935/699/64
f 953/702/64 952/701/64 935/699/64
f 935/699/64 934/703/64 953/702/64
f 954/286/64 953/702/64 934/703/64
f 934/703/64 933/279/64 954/286/64
f 933/279/64 932/704/64 954/286/64
f 955/705/64 954/286/64 932/704/64
f 932/704/64 931/706/64 955/705/64
f 931/706/64 930/283/64 955/705/64
f 956/707/64 955/705/64 930/283/64
f 930/283/64 929/708/64 956/707/64
f 957/284/64 956/707/64 929/708/64
f 928/692/64 957/284/64 929/708/64
f 942/277/64 968/364/64 943/679/64
f 967/680/64 943/679/64 968/364/64
f 974/700/64 952/701/64 975/254/64
f 952/701/64 951/271/64 975/254/64
f 950/681/64 975/254/64 951/271/64
f 959/690/64 927/267/64 944/683/64
f 926/353/64 944/683/64 927/267/64
f 990/517/64 989/518/64 1029/519/64
f 991/520/64 990/517/64 1029/519/64
f 1029/519/64 1028/521/64 991/520/64
f 992/522/64 991/520/64 1028/521/64
f 1006/523/64 1005/524/64 1004/525/64
f 1004/525/64 1003/526/64 1006/523/64
f 1007/527/64 1006/523/64 1003/526/64
f 1003/526/64 1008/528/64 1007/527/64
f 986/529/64 1031/530/64 987/531/64
f 1030/532/64 987/531/64 1031/530/64
f 985/533/64 1033/534/64 1032/535/64
f 1010/536/64 1001/537/64 1000/538/64
f 985/533/64 1032/535/64 986/529/64
f 1031/530/64 986/529/64 1032/535/64
f 1025/539/64 995/540/64 1026/541/64
f 1009/542/64 1002/543/64 1001/537/64
f 1001/537/64 1010/536/64 1009/542/64
f 987/531/64 1030/532/64 988/544/64
f 989/518/64 988/544/64 1030/532/64
f 1029/519/64 989/518/64 1030/532/64
f 992/522/64 1028/521/64 1027/545/64
f 993/546/64 992/522/64 1027/545/64
f 994/547/64 993/546/64 1027/545/64
f 1027/545/64 1026/541/64 994/547/64
f 1026/541/64 995/540/64 994/547/64
f 1008/528/64 1003/526/64 1002/543/64
f 1002/543/64 1009/542/64 1008/528/64
f 1034/548/64 984/549/64 983/550/64
f 983/550/64 1035/551/64 1034/548/64
f 1035/551/64 983/550/64 1036/552/64
f 1011/553/64 999/554/64 1012/555/64
f 979/556/64 978/557/64 1018/558/64
f 1018/558/64 1017/559/64 979/556/64
f 1024/560/64 1023/561/64 1022/562/64
f 1019/563/64 977/564/64 976/250/64
f 1020/565/64 1019/563/64 976/250/64
f 976/250/64 1024/560/64 1020/565/64
f 1021/566/64 1020/565/64 1024/560/64
f 1024/560/64 1022/562/64 1021/566/64
f 1018/558/64 978/557/64 977/564/64
f 977/564/65 1019/563/65 1018/558/65
f 979/556/64 1017/559/64 980/567/64
f 981/568/64 980/567/64 1017/559/64
f 982/569/64 981/568/64 1017/559/64
f 1017/559/64 1016/570/64 982/569/64
f 983/550/64 982/569/64 1016/570/64
f 1036/552/64 983/550/64 1016/570/64
f 1016/570/64 1015/571/64 1036/552/64
f 1037/254/64 1036/552/64 1015/571/64
f 1015/571/64 1014/572/64 1037/254/64
f 996/573/64 1037/254/64 1014/572/64
f 997/574/64 996/573/64 1014/572/64
f 998/575/64 997/574/64 1014/572/64
f 1014/572/64 1013/576/64 998/575/64
f 999/554/64 998/575/64 1013/576/64
f 1012/555/64 999/554/64 1013/576/64
f 1033/534/64 985/533/64 984/549/64
f 984/549/64 1034/548/64 1033/534/64
f 995/540/64 1025/539/64 1037/254/64
f 1037/254/64 996/573/64 995/540/64
f 999/554/64 1011/553/64 1000/538/64
f 1010/536/64 1000/538/64 1011/553/64
f 1039/288/64 1042/286/64 1041/280/64
f 1041/280/64 1040/279/64 1039/288/64
f 1042/286/64 1039/288/64 1043/262/64
f 1044/254/64 1043/262/64 1039/288/64
f 1038/250/64 1044/254/64 1039/288/64
f 1046/279/64 1045/250/64 1048/254/64
f 1048/254/64 1047/286/64 1046/279/64
f 1063/517/64 1062/518/64 1102/519/64
f 1064/520/64 1063/517/64 1102/519/64
f 1102/519/64 1101/521/64 1064/520/64
f 1065/522/64 1064/520/64 1101/521/64
f 1079/523/64 1078/524/64 1077/525/64
f 1077/525/64 1076/526/64 1079/523/64
f 1080/527/64 1079/523/64 1076/526/64
f 1076/526/64 1081/528/64 1080/527/64
f 1059/529/64 1104/530/64 1060/531/64
f 1103/532/64 1060/531/64 1104/530/64
f 1058/533/64 1106/534/64 1105/535/64
f 1083/536/64 1074/537/64 1073/538/64
f 1058/533/64 1105/535/64 1059/529/64
f 1104/530/64 1059/529/64 1105/535/64
f 1098/539/64 1068/540/64 1099/541/64
f 1082/542/64 1075/543/64 1074/537/64
f 1074/537/64 1083/536/64 1082/542/64
f 1060/531/64 1103/532/64 1061/544/64
f 1062/518/64 1061/544/64 1103/532/64
f 1102/519/64 1062/518/64 1103/532/64
f 1065/522/64 1101/521/64 1100/545/64
f 1066/546/64 1065/522/64 1100/545/64
f 1067/547/64 1066/546/64 1100/545/64
f 1100/545/64 1099/541/64 1067/547/64
f 1099/541/64 1068/540/64 1067/547/64
f 1081/528/64 1076/526/64 1075/543/64
f 1075/543/64 1082/542/64 1081/528/64
f 1107/548/64 1057/549/64 1056/550/64
f 1056/550/64 1108/551/64 1107/548/64
f 1108/551/64 1056/550/64 1109/552/64
f 1084/553/64 1072/554/64 1085/555/64
f 1052/556/64 1051/557/64 1091/558/64
f 1091/558/64 1090/559/64 1052/556/64
f 1097/560/64 1096/561/64 1095/562/64
f 1092/563/64 1050/564/64 1049/250/64
f 1093/565/64 1092/563/64 1049/250/64
f 1049/250/64 1097/560/64 1093/565/64
f 1094/566/64 1093/565/64 1097/560/64
f 1097/560/64 1095/562/64 1094/566/64
f 1091/558/64 1051/557/64 1050/564/64
f 1050/564/65 1092/563/65 1091/558/65
f 1052/556/64 1090/559/64 1053/567/64
f 1054/568/64 1053/567/64 1090/559/64
f 1055/569/64 1054/568/64 1090/559/64
f 1090/559/64 1089/570/64 1055/569/64
f 1056/550/64 1055/569/64 1089/570/64
f 1109/552/64 1056/550/64 1089/570/64
f 1089/570/64 1088/571/64 1109/552/64
f 1110/254/64 1109/552/64 1088/571/64
f 1088/571/64 1087/572/64 1110/254/64
f 1069/573/64 1110/254/64 1087/572/64
f 1070/574/64 1069/573/64 1087/572/64
f 1071/575/64 1070/574/64 1087/572/64
f 1087/572/64 1086/576/64 1071/575/64
f 1072/554/64 1071/575/64 1086/576/64
f 1085/555/64 1072/554/64 1086/576/64
f 1106/534/64 1058/533/64 1057/549/64
f 1057/549/64 1107/548/64 1106/534/64
f 1068/540/64 1098/539/64 1110/254/64
f 1110/254/64 1069/573/64 1068/540/64
f 1072/554/64 1084/553/64 1073/538/64
f 1083/536/64 1073/538/64 1084/553/64
f 1115/440/64 1114/436/64 1113/428/64
f 1113/428/64 1118/435/64 1115/440/64
f 1116/448/64 1115/440/64 1118/435/64
f 1118/435/64 1117/451/64 1116/448/64
f 1112/430/64 1111/250/64 1122/254/64
f 1119/425/64 1112/430/64 1122/254/64
f 1122/254/64 1121/442/64 1119/425/64
f 1121/442/64 1120/437/64 1119/425/64
f 1118/435/64 1113/428/64 1112/430/64
f 1112/430/64 1119/425/64 1118/435/64
f 1162/246/66 1163/248/66 1161/247/66
f 1164/249/66 1161/247/66 1163/248/66
f 1161/247/66 1164/249/66 1123/250/66
f 1123/250/66 1160/251/66 1161/247/66
f 1160/251/66 1123/250/66 1159/252/66
f 1159/252/66 1123/250/66 1124/253/66
f 1164/249/66 1165/254/66 1123/250/66
f 1127/255/66 1156/257/66 1157/256/66
f 1157/256/66 1126/258/66 1127/255/66
f 1155/259/66 1156/257/66 1129/260/66
f 1129/260/66 1156/257/66 1128/261/66
f 1127/255/66 1128/261/66 1156/257/66
f 1124/253/66 1158/262/66 1159/252/66
f 1125/263/66 1158/262/66 1124/253/66
f 1158/262/66 1125/263/66 1157/256/66
f 1157/256/66 1125/263/66 1126/258/66
f 1134/264/66 1146/266/66 1147/265/66
f 1133/267/66 1147/265/66 1148/268/66
f 1147/265/66 1133/267/66 1134/264/66
f 1131/269/66 1149/271/66 1150/270/66
f 1132/272/66 1149/271/66 1131/269/66
f 1149/271/66 1132/272/66 1148/268/66
f 1148/268/66 1132/272/66 1133/267/66
f 1140/273/66 1142/275/66 1139/274/66
f 1140/273/66 1141/276/66 1142/275/66
f 1142/275/66 1143/277/66 1139/274/66
f 1139/274/66 1143/277/66 1138/278/66
f 1138/278/66 1143/277/66 1137/279/66
f 1144/280/66 1137/279/66 1143/277/66
f 1137/279/66 1144/280/66 1136/281/66
f 1145/282/66 1136/281/66 1144/280/66
f 1135/283/66 1136/281/66 1145/282/66
f 1145/282/66 1146/266/66 1135/283/66
f 1134/264/66 1135/283/66 1146/266/66
f 1153/284/66 1151/286/66 1152/285/66
f 1151/286/66 1153/284/66 1150/270/66
f 1154/287/66 1150/270/66 1153/284/66
f 1150/270/66 1154/287/66 1131/269/66
f 1155/259/66 1131/269/66 1154/287/66
f 1131/269/66 1155/259/66 1130/288/66
f 1129/260/66 1130/288/66 1155/259/66
f 1173/289/66 1182/291/66 1172/290/66
f 1182/291/66 1173/289/66 1199/292/66
f 1174/293/66 1199/292/66 1173/289/66
f 1199/292/66 1174/293/66 1198/294/66
f 1198/294/66 1174/293/66 1175/295/66
f 1195/296/66 1196/298/66 1177/297/66
f 1185/299/66 1170/301/66 1184/300/66
f 1176/302/66 1196/298/66 1197/303/66
f 1196/298/66 1176/302/66 1177/297/66
f 1170/301/66 1171/304/66 1184/300/66
f 1184/300/66 1171/304/66 1183/280/66
f 1172/290/66 1183/280/66 1171/304/66
f 1182/291/66 1183/280/66 1172/290/66
f 1175/295/66 1197/303/66 1198/294/66
f 1197/303/66 1175/295/66 1176/302/66
f 1186/305/66 1168/307/66 1169/306/66
f 1167/308/66 1168/307/66 1187/309/66
f 1186/305/66 1187/309/66 1168/307/66
f 1193/310/66 1194/312/66 1178/311/66
f 1191/313/66 1189/315/66 1190/314/66
f 1191/313/66 1166/250/66 1189/315/66
f 1188/316/66 1189/315/66 1166/250/66
f 1181/317/66 1200/254/66 1180/318/66
f 1166/250/66 1167/308/66 1188/316/66
f 1187/309/66 1188/316/66 1167/308/66
f 1200/254/66 1192/319/66 1180/318/66
f 1180/318/66 1192/319/66 1179/320/66
f 1193/310/66 1179/320/66 1192/319/66
f 1178/311/66 1179/320/66 1193/310/66
f 1185/299/66 1169/306/66 1170/301/66
f 1169/306/66 1185/299/66 1186/305/66
f 1199/292/66 1200/254/66 1182/291/66
f 1177/297/66 1194/312/66 1195/296/66
f 1194/312/66 1177/297/66 1178/311/66
f 1181/317/66 1182/291/66 1200/254/66
f 1224/321/66 1222/323/66 1223/322/66
f 1218/324/66 1219/326/66 1206/325/66
f 1206/325/66 1219/326/66 1205/327/66
f 1220/328/66 1205/327/66 1219/326/66
f 1221/329/66 1205/327/66 1220/328/66
f 1205/327/66 1221/329/66 1204/330/66
f 1222/323/66 1204/330/66 1221/329/66
f 1204/330/66 1222/323/66 1203/331/66
f 1203/331/66 1222/323/66 1226/254/66
f 1224/321/66 1226/254/66 1222/323/66
f 1226/254/66 1224/321/66 1225/332/66
f 1207/333/66 1208/335/66 1217/334/66
f 1209/336/66 1215/338/66 1216/337/66
f 1208/335/66 1216/337/66 1217/334/66
f 1216/337/66 1208/335/66 1209/336/66
f 1210/339/66 1213/341/66 1214/340/66
f 1211/342/66 1213/341/66 1210/339/66
f 1213/341/66 1211/342/66 1212/343/66
f 1214/340/66 1215/338/66 1210/339/66
f 1209/336/66 1210/339/66 1215/338/66
f 1217/334/66 1218/324/66 1207/333/66
f 1206/325/66 1207/333/66 1218/324/66
f 1226/254/66 1202/344/66 1203/331/66
f 1202/344/66 1226/254/66 1201/250/66
f 1248/345/66 1249/347/66 1253/346/66
f 1252/348/66 1253/346/66 1249/347/66
f 1249/347/66 1250/349/66 1252/348/66
f 1251/350/66 1252/348/66 1250/349/66
f 1255/351/66 1247/352/66 1254/337/66
f 1237/353/66 1261/354/66 1236/325/66
f 1247/352/66 1248/345/66 1254/337/66
f 1253/346/66 1254/337/66 1248/345/66
f 1261/354/66 1262/355/66 1236/325/66
f 1236/325/66 1262/355/66 1235/356/66
f 1263/329/66 1235/356/66 1262/355/66
f 1235/356/66 1263/329/66 1234/357/66
f 1264/358/66 1234/357/66 1263/329/66
f 1234/357/66 1264/358/66 1233/359/66
f 1265/360/66 1233/359/66 1264/358/66
f 1233/359/66 1265/360/66 1232/361/66
f 1266/362/66 1232/361/66 1265/360/66
f 1232/361/66 1266/362/66 1231/363/66
f 1231/363/66 1266/362/66 1267/364/66
f 1230/365/66 1268/367/66 1229/366/66
f 1272/254/66 1227/250/66 1271/368/66
f 1270/369/66 1271/368/66 1227/250/66
f 1256/370/66 1245/342/66 1246/371/66
f 1257/286/66 1245/342/66 1256/370/66
f 1245/342/66 1257/286/66 1244/372/66
f 1258/373/66 1244/372/66 1257/286/66
f 1244/372/66 1258/373/66 1243/374/66
f 1259/375/66 1243/374/66 1258/373/66
f 1243/374/66 1259/375/66 1242/279/66
f 1242/279/66 1259/375/66 1241/376/66
f 1241/376/66 1259/375/66 1240/377/66
f 1240/377/66 1259/375/66 1239/378/66
f 1260/379/66 1239/378/66 1259/375/66
f 1238/380/66 1239/378/66 1260/379/66
f 1227/250/66 1228/381/66 1270/369/66
f 1270/369/66 1228/381/66 1269/382/66
f 1229/366/66 1269/382/66 1228/381/66
f 1268/367/66 1269/382/66 1229/366/66
f 1255/351/66 1246/371/66 1247/352/66
f 1246/371/66 1255/351/66 1256/370/66
f 1260/379/66 1261/354/66 1238/380/66
f 1237/353/66 1238/380/66 1261/354/66
f 1267/364/66 1230/365/66 1231/363/66
f 1230/365/66 1267/364/66 1268/367/66
f 1279/252/66 1277/265/66 1278/284/66
f 1279/252/66 1280/254/66 1277/265/66
f 1277/265/66 1280/254/66 1274/260/66
f 1273/250/66 1274/260/66 1280/254/66
f 1274/260/66 1275/283/66 1277/265/66
f 1276/276/66 1277/265/66 1275/283/66
f 1302/383/66 1300/385/66 1301/384/66
f 1299/386/66 1300/385/66 1303/387/66
f 1302/383/66 1303/387/66 1300/385/66
f 1312/388/66 1313/390/66 1288/389/66
f 1314/391/66 1288/389/66 1313/390/66
f 1296/392/66 1297/394/66 1305/393/66
f 1304/395/66 1297/394/66 1298/396/66
f 1297/394/66 1304/395/66 1305/393/66
f 1316/397/66 1285/399/66 1286/398/66
f 1303/387/66 1298/396/66 1299/386/66
f 1298/396/66 1303/387/66 1304/395/66
f 1311/400/66 1312/388/66 1289/401/66
f 1288/389/66 1289/401/66 1312/388/66
f 1314/391/66 1287/402/66 1288/389/66
f 1315/403/66 1287/402/66 1314/391/66
f 1287/402/66 1315/403/66 1286/398/66
f 1286/398/66 1315/403/66 1316/397/66
f 1317/404/66 1283/406/66 1284/405/66
f 1295/407/66 1306/409/66 1307/408/66
f 1317/404/66 1318/410/66 1283/406/66
f 1294/411/66 1308/413/66 1293/412/66
f 1309/414/66 1293/412/66 1308/413/66
f 1293/412/66 1309/414/66 1292/415/66
f 1292/415/66 1309/414/66 1291/416/66
f 1322/254/66 1281/250/66 1321/417/66
f 1320/418/66 1321/417/66 1281/250/66
f 1307/408/66 1294/411/66 1295/407/66
f 1294/411/66 1307/408/66 1308/413/66
f 1309/414/66 1310/419/66 1291/416/66
f 1290/420/66 1291/416/66 1310/419/66
f 1281/250/66 1282/421/66 1320/418/66
f 1320/418/66 1282/421/66 1319/422/66
f 1283/406/66 1319/422/66 1282/421/66
f 1318/410/66 1319/422/66 1283/406/66
f 1295/407/66 1296/392/66 1306/409/66
f 1305/393/66 1306/409/66 1296/392/66
f 1310/419/66 1311/400/66 1290/420/66
f 1289/401/66 1290/420/66 1311/400/66
f 1284/405/66 1285/399/66 1317/404/66
f 1316/397/66 1317/404/66 1285/399/66
f 1344/345/66 1345/347/66 1349/346/66
f 1348/348/66 1349/346/66 1345/347/66
f 1345/347/66 1346/349/66 1348/348/66
f 1347/350/66 1348/348/66 1346/349/66
f 1351/351/66 1343/352/66 1350/337/66
f 1333/353/66 1357/354/66 1332/325/66
f 1343/352/66 1344/345/66 1350/337/66
f 1349/346/66 1350/337/66 1344/345/66
f 1357/354/66 1358/355/66 1332/325/66
f 1332/325/66 1358/355/66 1331/356/66
f 1359/329/66 1331/356/66 1358/355/66
f 1331/356/66 1359/329/66 1330/357/66
f 1360/358/66 1330/357/66 1359/329/66
f 1330/357/66 1360/358/66 1329/359/66
f 1361/360/66 1329/359/66 1360/358/66
f 1329/359/66 1361/360/66 1328/361/66
f 1362/362/66 1328/361/66 1361/360/66
f 1328/361/66 1362/362/66 1327/363/66
f 1327/363/66 1362/362/66 1363/364/66
f 1326/365/66 1364/367/66 1325/366/66
f 1368/254/66 1323/250/66 1367/368/66
f 1366/369/66 1367/368/66 1323/250/66
f 1352/370/66 1341/342/66 1342/371/66
f 1353/286/66 1341/342/66 1352/370/66
f 1341/342/66 1353/286/66 1340/372/66
f 1354/373/66 1340/372/66 1353/286/66
f 1340/372/66 1354/373/66 1339/374/66
f 1355/375/66 1339/374/66 1354/373/66
f 1339/374/66 1355/375/66 1338/279/66
f 1338/279/66 1355/375/66 1337/376/66
f 1337/376/66 1355/375/66 1336/377/66
f 1336/377/66 1355/375/66 1335/378/66
f 1356/379/66 1335/378/66 1355/375/66
f 1334/380/66 1335/378/66 1356/379/66
f 1323/250/66 1324/381/66 1366/369/66
f 1366/369/66 1324/381/66 1365/382/66
f 1325/366/66 1365/382/66 1324/381/66
f 1364/367/66 1365/382/66 1325/366/66
f 1351/351/66 1342/371/66 1343/352/66
f 1342/371/66 1351/351/66 1352/370/66
f 1356/379/66 1357/354/66 1334/380/66
f 1333/353/66 1334/380/66 1357/354/66
f 1363/364/66 1326/365/66 1327/363/66
f 1326/365/66 1363/364/66 1364/367/66
f 1391/286/66 1392/424/66 1377/423/66
f 1393/425/66 1377/423/66 1392/424/66
f 1377/423/66 1393/425/66 1376/426/66
f 1394/427/66 1376/426/66 1393/425/66
f 1376/426/66 1394/427/66 1375/428/66
f 1395/429/66 1375/428/66 1394/427/66
f 1372/430/66 1373/432/66 1397/431/66
f 1389/433/66 1390/435/66 1379/434/66
f 1378/436/66 1379/434/66 1390/435/66
f 1396/437/66 1373/432/66 1374/438/66
f 1373/432/66 1396/437/66 1397/431/66
f 1390/435/66 1391/286/66 1378/436/66
f 1377/423/66 1378/436/66 1391/286/66
f 1395/429/66 1374/438/66 1375/428/66
f 1374/438/66 1395/429/66 1396/437/66
f 1380/279/66 1381/440/66 1388/439/66
f 1370/441/66 1371/443/66 1399/442/66
f 1398/444/66 1399/442/66 1371/443/66
f 1386/445/66 1383/447/66 1385/446/66
f 1385/446/66 1383/447/66 1384/448/66
f 1402/254/66 1369/250/66 1401/449/66
f 1400/450/66 1401/449/66 1369/250/66
f 1381/440/66 1387/451/66 1388/439/66
f 1382/452/66 1387/451/66 1381/440/66
f 1387/451/66 1382/452/66 1386/445/66
f 1386/445/66 1382/452/66 1383/447/66
f 1369/250/66 1370/441/66 1400/450/66
f 1399/442/66 1400/450/66 1370/441/66
f 1388/439/66 1389/433/66 1380/279/66
f 1379/434/66 1380/279/66 1389/433/66
f 1371/443/66 1372/430/66 1398/444/66
f 1397/431/66 1398/444/66 1372/430/66
f 1410/453/66 1411/455/66 1409/454/66
f 1408/456/66 1409/454/66 1412/457/66
f 1411/455/66 1412/457/66 1409/454/66
f 1417/458/66 1418/460/66 1419/459/66
f 1416/461/66 1419/459/66 1420/462/66
f 1419/459/66 1416/461/66 1417/458/66
f 1404/463/66 1406/464/66 1403/250/66
f 1406/464/66 1404/463/66 1405/465/66
f 1407/466/66 1421/467/66 1422/254/66
f 1408/456/66 1421/467/66 1407/466/66
f 1421/467/66 1408/456/66 1420/462/66
f 1412/457/66 1420/462/66 1408/456/66
f 1420/462/66 1412/457/66 1416/461/66
f 1416/461/66 1412/457/66 1415/468/66
f 1413/469/66 1415/468/66 1412/457/66
f 1415/468/66 1413/469/66 1414/470/66
f 1444/471/66 1442/472/66 1443/262/66
f 1445/473/66 1442/472/66 1444/471/66
f 1442/472/66 1445/473/66 1447/254/66
f 1423/250/66 1440/475/66 1441/474/66
f 1424/476/66 1440/475/66 1423/250/66
f 1440/475/66 1424/476/66 1439/286/66
f 1439/286/66 1424/476/66 1425/477/66
f 1447/254/66 1441/474/66 1442/472/66
f 1441/474/66 1447/254/66 1423/250/66
f 1426/478/66 1427/288/66 1438/479/66
f 1427/288/66 1437/480/66 1438/479/66
f 1432/481/66 1433/482/66 1431/279/66
f 1434/483/66 1431/279/66 1433/482/66
f 1434/483/66 1435/280/66 1431/279/66
f 1431/279/66 1435/280/66 1430/484/66
f 1436/485/66 1430/484/66 1435/280/66
f 1430/484/66 1436/485/66 1429/486/66
f 1429/486/66 1436/485/66 1428/487/66
f 1437/480/66 1428/487/66 1436/485/66
f 1427/288/66 1428/487/66 1437/480/66
f 1438/479/66 1439/286/66 1426/478/66
f 1425/477/66 1426/478/66 1439/286/66
f 1445/473/66 1446/488/66 1447/254/66
f 1477/254/66 1464/490/66 1462/489/66
f 1448/250/66 1462/489/66 1463/491/66
f 1462/489/66 1448/250/66 1477/254/66
f 1449/492/66 1477/254/66 1448/250/66
f 1477/254/66 1449/492/66 1476/493/66
f 1460/494/66 1461/496/66 1466/495/66
f 1465/497/66 1466/495/66 1461/496/66
f 1466/495/66 1459/498/66 1460/494/66
f 1459/498/66 1466/495/66 1467/499/66
f 1461/496/66 1462/489/66 1465/497/66
f 1464/490/66 1465/497/66 1462/489/66
f 1475/500/66 1476/493/66 1450/501/66
f 1449/492/66 1450/501/66 1476/493/66
f 1468/502/66 1457/504/66 1458/503/66
f 1457/504/66 1468/502/66 1469/505/66
f 1473/506/66 1474/508/66 1451/507/66
f 1456/509/66 1470/511/66 1455/510/66
f 1455/510/66 1470/511/66 1454/512/66
f 1471/513/66 1454/512/66 1470/511/66
f 1472/514/66 1454/512/66 1471/513/66
f 1454/512/66 1472/514/66 1453/515/66
f 1469/505/66 1456/509/66 1457/504/66
f 1456/509/66 1469/505/66 1470/511/66
f 1472/514/66 1473/506/66 1453/515/66
f 1453/515/66 1473/506/66 1452/516/66
f 1451/507/66 1452/516/66 1473/506/66
f 1467/499/66 1458/503/66 1459/498/66
f 1458/503/66 1467/499/66 1468/502/66
f 1474/508/66 1475/500/66 1451/507/66
f 1450/501/66 1451/507/66 1475/500/66
f 1492/517/66 1531/519/66 1491/518/66
f 1493/520/66 1531/519/66 1492/517/66
f 1531/519/66 1493/520/66 1530/521/66
f 1494/522/66 1530/521/66 1493/520/66
f 1508/523/66 1506/525/66 1507/524/66
f 1506/525/66 1508/523/66 1505/526/66
f 1509/527/66 1505/526/66 1508/523/66
f 1505/526/66 1509/527/66 1510/528/66
f 1488/529/66 1489/531/66 1533/530/66
f 1532/532/66 1533/530/66 1489/531/66
f 1487/533/66 1534/535/66 1535/534/66
f 1512/536/66 1502/538/66 1503/537/66
f 1487/533/66 1488/529/66 1534/535/66
f 1533/530/66 1534/535/66 1488/529/66
f 1527/539/66 1528/541/66 1497/540/66
f 1511/542/66 1503/537/66 1504/543/66
f 1503/537/66 1511/542/66 1512/536/66
f 1489/531/66 1490/544/66 1532/532/66
f 1491/518/66 1532/532/66 1490/544/66
f 1531/519/66 1532/532/66 1491/518/66
f 1494/522/66 1529/545/66 1530/521/66
f 1495/546/66 1529/545/66 1494/522/66
f 1496/547/66 1529/545/66 1495/546/66
f 1529/545/66 1496/547/66 1528/541/66
f 1528/541/66 1496/547/66 1497/540/66
f 1510/528/66 1504/543/66 1505/526/66
f 1504/543/66 1510/528/66 1511/542/66
f 1536/548/66 1485/550/66 1486/549/66
f 1485/550/66 1536/548/66 1537/551/66
f 1537/551/66 1538/552/66 1485/550/66
f 1513/553/66 1514/555/66 1501/554/66
f 1481/556/66 1520/558/66 1480/557/66
f 1520/558/67 1481/556/67 1519/559/67
f 1526/560/66 1524/562/66 1525/561/66
f 1521/563/66 1478/250/66 1479/564/66
f 1522/565/66 1478/250/66 1521/563/66
f 1478/250/66 1522/565/66 1526/560/66
f 1523/566/66 1526/560/66 1522/565/66
f 1526/560/66 1523/566/66 1524/562/66
f 1520/558/66 1479/564/66 1480/557/66
f 1479/564/66 1520/558/66 1521/563/66
f 1481/556/66 1482/567/66 1519/559/66
f 1483/568/66 1519/559/66 1482/567/66
f 1484/569/66 1519/559/66 1483/568/66
f 1519/559/66 1484/569/66 1518/570/66
f 1485/550/66 1518/570/66 1484/569/66
f 1538/552/66 1518/570/66 1485/550/66
f 1518/570/66 1538/552/66 1517/571/66
f 1539/254/66 1517/571/66 1538/552/66
f 1517/571/66 1539/254/66 1516/572/66
f 1498/573/66 1516/572/66 1539/254/66
f 1499/574/66 1516/572/66 1498/573/66
f 1500/575/66 1516/572/66 1499/574/66
f 1516/572/66 1500/575/66 1515/576/66
f 1501/554/66 1515/576/66 1500/575/66
f 1514/555/66 1515/576/66 1501/554/66
f 1535/534/66 1486/549/66 1487/533/66
f 1486/549/66 1535/534/66 1536/548/66
f 1497/540/66 1539/254/66 1527/539/66
f 1539/254/66 1497/540/66 1498/573/66
f 1501/554/66 1502/538/66 1513/553/66
f 1512/536/66 1513/553/66 1502/538/66
f 1559/577/66 1560/442/66 1558/437/66
f 1561/578/66 1558/437/66 1560/442/66
f 1542/430/66 1555/579/66 1556/425/66
f 1541/580/66 1556/425/66 1557/581/66
f 1556/425/66 1541/580/66 1542/430/66
f 1561/578/66 1557/581/66 1558/437/66
f 1540/250/66 1557/581/66 1561/578/66
f 1557/581/66 1540/250/66 1541/580/66
f 1561/578/66 1562/254/66 1540/250/66
f 1544/428/66 1554/435/66 1543/582/66
f 1553/583/66 1554/435/66 1545/584/66
f 1544/428/66 1545/584/66 1554/435/66
f 1550/448/66 1551/280/66 1549/585/66
f 1549/585/66 1551/280/66 1548/440/66
f 1551/280/66 1552/451/66 1548/440/66
f 1548/440/66 1552/451/66 1547/586/66
f 1547/586/66 1552/451/66 1546/436/66
f 1553/583/66 1546/436/66 1552/451/66
f 1545/584/66 1546/436/66 1553/583/66
f 1554/435/66 1555/579/66 1543/582/66
f 1542/430/66 1543/582/66 1555/579/66
f 1587/587/66 1570/589/66 1571/588/66
f 1586/590/66 1572/592/66 1585/591/66
f 1568/593/66 1569/595/66 1588/594/66
f 1570/589/66 1588/594/66 1569/595/66
f 1587/587/66 1588/594/66 1570/589/66
f 1571/588/66 1586/590/66 1587/587/66
f 1586/590/66 1571/588/66 1572/592/66
f 1589/596/66 1590/598/66 1567/597/66
f 1590/598/66 1566/599/66 1567/597/66
f 1566/599/66 1590/598/66 1591/600/66
f 1583/601/66 1584/603/66 1574/602/66
f 1573/604/66 1574/602/66 1584/603/66
f 1567/597/66 1568/593/66 1589/596/66
f 1588/594/66 1589/596/66 1568/593/66
f 1584/603/66 1585/591/66 1573/604/66
f 1572/592/66 1573/604/66 1585/591/66
f 1565/605/66 1592/607/66 1593/606/66
f 1581/608/66 1582/610/66 1576/609/66
f 1575/611/66 1576/609/66 1582/610/66
f 1563/250/66 1595/612/66 1600/254/66
f 1596/613/66 1600/254/66 1595/612/66
f 1600/254/66 1596/613/66 1599/614/66
f 1579/615/66 1580/617/66 1578/616/66
f 1577/618/66 1578/616/66 1580/617/66
f 1593/606/66 1564/619/66 1565/605/66
f 1594/620/66 1564/619/66 1593/606/66
f 1564/619/66 1594/620/66 1563/250/66
f 1563/250/66 1594/620/66 1595/612/66
f 1596/613/66 1598/621/66 1599/614/66
f 1580/617/66 1581/608/66 1577/618/66
f 1576/609/66 1577/618/66 1581/608/66
f 1591/600/66 1565/605/66 1566/599/66
f 1565/605/66 1591/600/66 1592/607/66
f 1596/613/66 1597/622/66 1598/621/66
f 1582/610/66 1583/601/66 1575/611/66
f 1574/602/66 1575/611/66 1583/601/66
f 1606/482/66 1607/280/66 1610/474/66
f 1608/480/66 1610/474/66 1607/280/66
f 1609/286/66 1610/474/66 1608/480/66
f 1613/254/66 1602/477/66 1603/288/66
f 1602/477/66 1613/254/66 1601/250/66
f 1603/288/66 1604/486/66 1613/254/66
f 1605/279/66 1611/262/66 1612/473/66
f 1612/473/66 1613/254/66 1605/279/66
f 1610/474/66 1611/262/66 1605/279/66
f 1610/474/66 1605/279/66 1606/482/66
f 1604/486/66 1605/279/66 1613/254/66
f 1620/623/66 1630/625/66 1619/624/66
f 1621/626/66 1630/625/66 1620/623/66
f 1630/625/66 1621/626/66 1645/254/66
f 1622/627/66 1645/254/66 1621/626/66
f 1645/254/66 1622/627/66 1644/628/66
f 1644/628/66 1622/627/66 1623/629/66
f 1631/630/66 1632/632/66 1618/631/66
f 1624/633/66 1642/635/66 1643/634/66
f 1618/631/66 1619/624/66 1631/630/66
f 1630/625/66 1631/630/66 1619/624/66
f 1623/629/66 1643/634/66 1644/628/66
f 1643/634/66 1623/629/66 1624/633/66
f 1634/636/66 1616/638/66 1617/637/66
f 1616/638/66 1634/636/66 1635/639/66
f 1639/640/66 1640/642/66 1626/641/66
f 1625/643/66 1626/641/66 1640/642/66
f 1615/644/66 1636/645/66 1614/250/66
f 1637/646/66 1614/250/66 1636/645/66
f 1614/250/66 1637/646/66 1629/647/66
f 1629/647/66 1637/646/66 1628/648/66
f 1638/649/66 1628/648/66 1637/646/66
f 1627/650/66 1628/648/66 1638/649/66
f 1635/639/66 1615/644/66 1616/638/66
f 1615/644/66 1635/639/66 1636/645/66
f 1638/649/66 1639/640/66 1627/650/66
f 1626/641/66 1627/650/66 1639/640/66
f 1632/632/66 1617/637/66 1618/631/66
f 1633/651/66 1617/637/66 1632/632/66
f 1617/637/66 1633/651/66 1634/636/66
f 1640/642/66 1641/652/66 1625/643/66
f 1642/635/66 1625/643/66 1641/652/66
f 1624/633/66 1625/643/66 1642/635/66
f 1667/471/66 1665/472/66 1666/262/66
f 1668/473/66 1665/472/66 1667/471/66
f 1665/472/66 1668/473/66 1670/254/66
f 1670/254/66 1668/473/66 1669/488/66
f 1646/250/66 1663/475/66 1664/474/66
f 1647/476/66 1663/475/66 1646/250/66
f 1663/475/66 1647/476/66 1662/286/66
f 1662/286/66 1647/476/66 1648/477/66
f 1670/254/66 1664/474/66 1665/472/66
f 1664/474/66 1670/254/66 1646/250/66
f 1649/478/66 1650/288/66 1661/479/66
f 1650/288/66 1660/480/66 1661/479/66
f 1655/481/66 1656/482/66 1654/279/66
f 1657/483/66 1654/279/66 1656/482/66
f 1657/483/66 1658/280/66 1654/279/66
f 1654/279/66 1658/280/66 1653/484/66
f 1659/485/66 1653/484/66 1658/280/66
f 1653/484/66 1659/485/66 1652/486/66
f 1652/486/66 1659/485/66 1651/487/66
f 1660/480/66 1651/487/66 1659/485/66
f 1650/288/66 1651/487/66 1660/480/66
f 1661/479/66 1662/286/66 1649/478/66
f 1648/477/66 1649/478/66 1662/286/66
f 1692/383/66 1690/385/66 1691/384/66
f 1689/386/66 1690/385/66 1693/387/66
f 1692/383/66 1693/387/66 1690/385/66
f 1702/388/66 1703/390/66 1678/389/66
f 1704/391/66 1678/389/66 1703/390/66
f 1686/392/66 1687/394/66 1695/393/66
f 1694/395/66 1687/394/66 1688/396/66
f 1687/394/66 1694/395/66 1695/393/66
f 1706/397/66 1675/399/66 1676/398/66
f 1693/387/66 1688/396/66 1689/386/66
f 1688/396/66 1693/387/66 1694/395/66
f 1701/400/66 1702/388/66 1679/401/66
f 1678/389/66 1679/401/66 1702/388/66
f 1704/391/66 1677/402/66 1678/389/66
f 1705/403/66 1677/402/66 1704/391/66
f 1677/402/66 1705/403/66 1676/398/66
f 1676/398/66 1705/403/66 1706/397/66
f 1707/404/66 1673/406/66 1674/405/66
f 1685/407/66 1696/409/66 1697/408/66
f 1707/404/66 1708/410/66 1673/406/66
f 1684/411/66 1698/413/66 1683/412/66
f 1699/414/66 1683/412/66 1698/413/66
f 1683/412/66 1699/414/66 1682/415/66
f 1682/415/66 1699/414/66 1681/416/66
f 1712/254/66 1671/250/66 1711/417/66
f 1710/418/66 1711/417/66 1671/250/66
f 1697/408/66 1684/411/66 1685/407/66
f 1684/411/66 1697/408/66 1698/413/66
f 1699/414/66 1700/419/66 1681/416/66
f 1680/420/66 1681/416/66 1700/419/66
f 1671/250/66 1672/421/66 1710/418/66
f 1710/418/66 1672/421/66 1709/422/66
f 1673/406/66 1709/422/66 1672/421/66
f 1708/410/66 1709/422/66 1673/406/66
f 1685/407/66 1686/392/66 1696/409/66
f 1695/393/66 1696/409/66 1686/392/66
f 1700/419/66 1701/400/66 1680/420/66
f 1679/401/66 1680/420/66 1701/400/66
f 1674/405/66 1675/399/66 1707/404/66
f 1706/397/66 1707/404/66 1675/399/66
f 1723/584/66 1754/654/66 1722/653/66
f 1754/654/66 1723/584/66 1753/442/66
f 1724/486/66 1753/442/66 1723/584/66
f 1725/436/66 1753/442/66 1724/486/66
f 1753/442/66 1725/436/66 1752/655/66
f 1726/656/66 1752/655/66 1725/436/66
f 1719/582/66 1720/657/66 1757/254/66
f 1720/657/66 1756/658/66 1757/254/66
f 1749/437/66 1750/660/66 1728/659/66
f 1736/661/66 1737/451/66 1713/250/66
f 1720/657/66 1721/428/66 1756/658/66
f 1756/658/66 1721/428/66 1755/578/66
f 1722/653/66 1755/578/66 1721/428/66
f 1754/654/66 1755/578/66 1722/653/66
f 1726/656/66 1751/577/66 1752/655/66
f 1727/586/66 1751/577/66 1726/656/66
f 1751/577/66 1727/586/66 1750/660/66
f 1750/660/66 1727/586/66 1728/659/66
f 1738/662/66 1717/430/66 1718/663/66
f 1717/430/66 1738/662/66 1739/583/66
f 1747/581/66 1748/664/66 1729/440/66
f 1732/665/66 1745/425/66 1731/585/66
f 1734/666/66 1716/667/66 1733/448/66
f 1741/435/66 1733/448/66 1716/667/66
f 1733/448/66 1741/435/66 1732/665/66
f 1742/668/66 1732/665/66 1741/435/66
f 1743/579/66 1732/665/66 1742/668/66
f 1744/669/66 1732/665/66 1743/579/66
f 1732/665/66 1744/669/66 1745/425/66
f 1745/425/66 1746/474/66 1731/585/66
f 1731/585/66 1746/474/66 1730/670/66
f 1714/671/66 1734/666/66 1735/280/66
f 1715/580/66 1734/666/66 1714/671/66
f 1734/666/66 1715/580/66 1716/667/66
f 1739/583/66 1716/667/66 1717/430/66
f 1740/672/66 1716/667/66 1739/583/66
f 1716/667/66 1740/672/66 1741/435/66
f 1746/474/66 1747/581/66 1730/670/66
f 1729/440/66 1730/670/66 1747/581/66
f 1713/250/66 1735/280/66 1736/661/66
f 1735/280/66 1713/250/66 1714/671/66
f 1757/254/66 1718/663/66 1719/582/66
f 1718/663/66 1757/254/66 1738/662/66
f 1748/664/66 1749/437/66 1729/440/66
f 1728/659/66 1729/440/66 1749/437/66
f 1759/673/66 1760/675/66 1810/674/66
f 1761/263/66 1810/674/66 1760/675/66
f 1810/674/66 1761/263/66 1809/256/66
f 1762/676/66 1809/256/66 1761/263/66
f 1809/256/66 1762/676/66 1808/677/66
f 1763/678/66 1808/677/66 1762/676/66
f 1808/677/66 1763/678/66 1764/255/66
f 1789/679/66 1812/252/66 1813/680/66
f 1821/254/66 1806/259/66 1796/681/66
f 1789/679/66 1758/250/66 1812/252/66
f 1811/682/66 1812/252/66 1758/250/66
f 1772/353/66 1790/683/66 1791/282/66
f 1758/250/66 1759/673/66 1811/682/66
f 1810/674/66 1811/682/66 1759/673/66
f 1764/255/66 1807/355/66 1808/677/66
f 1765/361/66 1807/355/66 1764/255/66
f 1807/355/66 1765/361/66 1806/259/66
f 1806/259/66 1765/361/66 1796/681/66
f 1796/681/66 1765/361/66 1795/684/66
f 1766/685/66 1795/684/66 1765/361/66
f 1795/684/66 1766/685/66 1794/265/66
f 1767/260/66 1794/265/66 1766/685/66
f 1768/686/66 1794/265/66 1767/260/66
f 1794/265/66 1768/686/66 1793/348/66
f 1769/687/66 1793/348/66 1768/686/66
f 1770/269/66 1793/348/66 1769/687/66
f 1793/348/66 1770/269/66 1792/688/66
f 1771/689/66 1792/688/66 1770/269/66
f 1792/688/66 1771/689/66 1791/282/66
f 1791/282/66 1771/689/66 1772/353/66
f 1773/267/66 1804/691/66 1805/690/66
f 1788/277/66 1814/364/66 1815/247/66
f 1803/284/66 1804/691/66 1774/692/66
f 1773/267/66 1774/692/66 1804/691/66
f 1786/352/66 1816/693/66 1785/276/66
f 1817/694/66 1785/276/66 1816/693/66
f 1785/276/66 1817/694/66 1784/695/66
f 1818/248/66 1784/695/66 1817/694/66
f 1784/695/66 1818/248/66 1783/696/66
f 1782/274/66 1783/696/66 1818/248/66
f 1815/247/66 1787/697/66 1788/277/66
f 1787/697/66 1815/247/66 1786/352/66
f 1786/352/66 1815/247/66 1816/693/66
f 1818/248/66 1819/698/66 1782/274/66
f 1782/274/66 1819/698/66 1781/699/66
f 1820/700/66 1781/699/66 1819/698/66
f 1798/701/66 1781/699/66 1820/700/66
f 1799/702/66 1781/699/66 1798/701/66
f 1781/699/66 1799/702/66 1780/703/66
f 1800/286/66 1780/703/66 1799/702/66
f 1780/703/66 1800/286/66 1779/279/66
f 1779/279/66 1800/286/66 1778/704/66
f 1801/705/66 1778/704/66 1800/286/66
f 1778/704/66 1801/705/66 1777/706/66
f 1777/706/66 1801/705/66 1776/283/66
f 1802/707/66 1776/283/66 1801/705/66
f 1776/283/66 1802/707/66 1775/708/66
f 1803/284/66 1775/708/66 1802/707/66
f 1774/692/66 1775/708/66 1803/284/66
f 1788/277/66 1789/679/66 1814/364/66
f 1813/680/66 1814/364/66 1789/679/66
f 1820/700/66 1821/254/66 1798/701/66
f 1798/701/66 1821/254/66 1797/271/66
f 1796/681/66 1797/271/66 1821/254/66
f 1805/690/66 1790/683/66 1773/267/66
f 1772/353/66 1773/267/66 1790/683/66
f 1836/517/66 1875/519/66 1835/518/66
f 1837/520/66 1875/519/66 1836/517/66
f 1875/519/66 1837/520/66 1874/521/66
f 1838/522/66 1874/521/66 1837/520/66
f 1852/523/66 1850/525/66 1851/524/66
f 1850/525/66 1852/523/66 1849/526/66
f 1853/527/66 1849/526/66 1852/523/66
f 1849/526/66 1853/527/66 1854/528/66
f 1832/529/66 1833/531/66 1877/530/66
f 1876/532/66 1877/530/66 1833/531/66
f 1831/533/66 1878/535/66 1879/534/66
f 1856/536/66 1846/538/66 1847/537/66
f 1831/533/66 1832/529/66 1878/535/66
f 1877/530/66 1878/535/66 1832/529/66
f 1871/539/66 1872/541/66 1841/540/66
f 1855/542/66 1847/537/66 1848/543/66
f 1847/537/66 1855/542/66 1856/536/66
f 1833/531/66 1834/544/66 1876/532/66
f 1835/518/66 1876/532/66 1834/544/66
f 1875/519/66 1876/532/66 1835/518/66
f 1838/522/66 1873/545/66 1874/521/66
f 1839/546/66 1873/545/66 1838/522/66
f 1840/547/66 1873/545/66 1839/546/66
f 1873/545/66 1840/547/66 1872/541/66
f 1872/541/66 1840/547/66 1841/540/66
f 1854/528/66 1848/543/66 1849/526/66
f 1848/543/66 1854/528/66 1855/542/66
f 1880/548/66 1829/550/66 1830/549/66
f 1829/550/66 1880/548/66 1881/551/66
f 1881/551/66 1882/552/66 1829/550/66
f 1857/553/66 1858/555/66 1845/554/66
f 1825/556/66 1864/558/66 1824/557/66
f 1864/558/66 1825/556/66 1863/559/66
f 1870/560/66 1868/562/66 1869/561/66
f 1865/563/66 1822/250/66 1823/564/66
f 1866/565/66 1822/250/66 1865/563/66
f 1822/250/66 1866/565/66 1870/560/66
f 1867/566/66 1870/560/66 1866/565/66
f 1870/560/66 1867/566/66 1868/562/66
f 1864/558/66 1823/564/66 1824/557/66
f 1823/564/66 1864/558/66 1865/563/66
f 1825/556/66 1826/567/66 1863/559/66
f 1827/568/66 1863/559/66 1826/567/66
f 1828/569/66 1863/559/66 1827/568/66
f 1863/559/66 1828/569/66 1862/570/66
f 1829/550/66 1862/570/66 1828/569/66
f 1882/552/66 1862/570/66 1829/550/66
f 1862/570/66 1882/552/66 1861/571/66
f 1883/254/66 1861/571/66 1882/552/66
f 1861/571/66 1883/254/66 1860/572/66
f 1842/573/66 1860/572/66 1883/254/66
f 1843/574/66 1860/572/66 1842/573/66
f 1844/575/66 1860/572/66 1843/574/66
f 1860/572/66 1844/575/66 1859/576/66
f 1845/554/66 1859/576/66 1844/575/66
f 1858/555/66 1859/576/66 1845/554/66
f 1879/534/66 1830/549/66 1831/533/66
f 1830/549/66 1879/534/66 1880/548/66
f 1841/540/66 1883/254/66 1871/539/66
f 1883/254/66 1841/540/66 1842/573/66
f 1845/554/66 1846/538/66 1857/553/66
f 1856/536/66 1857/553/66 1846/538/66
f 1885/288/66 1887/280/66 1888/286/66
f 1887/280/66 1885/288/66 1886/279/66
f 1888/286/66 1889/262/66 1885/288/66
f 1890/254/66 1885/288/66 1889/262/66
f 1884/250/66 1885/288/66 1890/254/66
f 1892/279/66 1894/254/66 1891/250/66
f 1894/254/66 1892/279/66 1893/286/66
f 1909/517/66 1948/519/66 1908/518/66
f 1910/520/66 1948/519/66 1909/517/66
f 1948/519/66 1910/520/66 1947/521/66
f 1911/522/66 1947/521/66 1910/520/66
f 1925/523/66 1923/525/66 1924/524/66
f 1923/525/66 1925/523/66 1922/526/66
f 1926/527/66 1922/526/66 1925/523/66
f 1922/526/66 1926/527/66 1927/528/66
f 1905/529/66 1906/531/66 1950/530/66
f 1949/532/66 1950/530/66 1906/531/66
f 1904/533/66 1951/535/66 1952/534/66
f 1929/536/66 1919/538/66 1920/537/66
f 1904/533/66 1905/529/66 1951/535/66
f 1950/530/66 1951/535/66 1905/529/66
f 1944/539/66 1945/541/66 1914/540/66
f 1928/542/66 1920/537/66 1921/543/66
f 1920/537/66 1928/542/66 1929/536/66
f 1906/531/66 1907/544/66 1949/532/66
f 1908/518/66 1949/532/66 1907/544/66
f 1948/519/66 1949/532/66 1908/518/66
f 1911/522/66 1946/545/66 1947/521/66
f 1912/546/66 1946/545/66 1911/522/66
f 1913/547/66 1946/545/66 1912/546/66
f 1946/545/66 1913/547/66 1945/541/66
f 1945/541/66 1913/547/66 1914/540/66
f 1927/528/66 1921/543/66 1922/526/66
f 1921/543/66 1927/528/66 1928/542/66
f 1953/548/66 1902/550/66 1903/549/66
f 1902/550/66 1953/548/66 1954/551/66
f 1954/551/66 1955/552/66 1902/550/66
f 1930/553/66 1931/555/66 1918/554/66
f 1898/556/66 1937/558/66 1897/557/66
f 1937/558/66 1898/556/66 1936/559/66
f 1943/560/66 1941/562/66 1942/561/66
f 1938/563/66 1895/250/66 1896/564/66
f 1939/565/66 1895/250/66 1938/563/66
f 1895/250/66 1939/565/66 1943/560/66
f 1940/566/66 1943/560/66 1939/565/66
f 1943/560/66 1940/566/66 1941/562/66
f 1937/558/66 1896/564/66 1897/557/66
f 1896/564/66 1937/558/66 1938/563/66
f 1898/556/66 1899/567/66 1936/559/66
f 1900/568/66 1936/559/66 1899/567/66
f 1901/569/66 1936/559/66 1900/568/66
f 1936/559/66 1901/569/66 1935/570/66
f 1902/550/66 1935/570/66 1901/569/66
f 1955/552/66 1935/570/66 1902/550/66
f 1935/570/66 1955/552/66 1934/571/66
f 1956/254/66 1934/571/66 1955/552/66
f 1934/571/66 1956/254/66 1933/572/66
f 1915/573/66 1933/572/66 1956/254/66
f 1916/574/66 1933/572/66 1915/573/66
f 1917/575/66 1933/572/66 1916/574/66
f 1933/572/66 1917/575/66 1932/576/66
f 1918/554/66 1932/576/66 1917/575/66
f 1931/555/66 1932/576/66 1918/554/66
f 1952/534/66 1903/549/66 1904/533/66
f 1903/549/66 1952/534/66 1953/548/66
f 1914/540/66 1956/254/66 1944/539/66
f 1956/254/66 1914/540/66 1915/573/66
f 1918/554/66 1919/538/66 1930/553/66
f 1929/536/66 1930/553/66 1919/538/66
f 1961/440/66 1959/428/66 1960/436/66
f 1959/428/66 1961/440/66 1964/435/66
f 1962/448/66 1964/435/66 1961/440/66
f 1964/435/66 1962/448/66 1963/451/66
f 1958/430/66 1968/254/66 1957/250/66
f 1965/425/66 1968/254/66 1958/430/66
f 1968/254/66 1965/425/66 1967/442/66
f 1967/442/66 1965/425/66 1966/437/66
f 1964/435/66 1958/430/66 1959/428/66
f 1958/430/66 1964/435/66 1965/425/66
s 1
f 1970/709/68 1972/710/68 1971/477/68 1969/250/68
f 1972/710/68 1974/711/69 1973/288/69 1971/477/68
f 1974/711/69 1976/712/69 1975/486/69 1973/288/69
f 1976/712/69 1978/713/68 1977/279/68 1975/486/69
f 1978/713/68 1980/714/70 1979/482/70 1977/279/68
f 1980/714/70 1982/715/71 1981/280/71 1979/482/70
f 1982/715/71 1984/716/71 1983/480/71 1981/280/71
f 1984/716/71 1986/717/70 1985/286/70 1983/480/71
f 1986/717/70 1988/718/70 1987/474/70 1985/286/70
f 1988/718/70 1990/719/71 1989/262/71 1987/474/70
f 1990/719/71 1992/720/69 1991/473/69 1989/262/71
f 1992/720/69 1970/721/68 1969/254/68 1991/473/69
f 1994/709/72 1996/722/73 1995/723/73 1993/250/72
f 1996/722/73 1998/724/74 1997/725/74 1995/723/73
f 1998/724/74 2000/726/75 1999/727/75 1997/725/74
f 2000/726/75 2002/728/76 2001/729/76 1999/727/75
f 2002/728/76 2004/730/77 2003/731/77 2001/729/76
f 2004/730/77 2006/732/78 2005/733/78 2003/731/77
f 2006/732/78 2008/734/79 2007/260/79 2005/733/78
f 2008/734/79 2010/735/80 2009/736/80 2007/260/79
f 2010/735/80 2012/737/81 2011/738/81 2009/736/80
f 2012/737/81 2014/739/82 2013/740/82 2011/738/81
f 2014/739/82 2016/741/83 2015/742/83 2013/740/82
f 2016/741/83 2018/743/84 2017/744/84 2015/742/83
f 2018/743/84 2020/745/85 2019/746/85 2017/744/84
f 2020/745/85 2022/747/86 2021/283/86 2019/746/85
f 2022/747/86 2024/748/87 2023/749/87 2021/283/86
f 2024/748/87 2026/750/88 2025/751/88 2023/749/87
f 2026/750/88 2028/752/89 2027/753/89 2025/751/88
f 2028/752/89 2030/754/90 2029/755/90 2027/753/89
f 2030/754/90 2032/756/91 2031/757/91 2029/755/90
f 2032/756/91 2034/758/92 2033/759/92 2031/757/91
f 2034/758/92 2036/760/93 2035/276/93 2033/759/92
f 2036/760/93 2038/761/94 2037/762/94 2035/276/93
f 2038/761/94 2040/763/95 2039/764/95 2037/762/94
f 2040/763/95 2042/765/96 2041/766/96 2039/764/95
f 2042/765/96 2044/767/97 2043/768/97 2041/766/96
f 2044/767/97 2046/769/98 2045/770/98 2043/768/97
f 2046/769/98 2048/771/99 2047/772/99 2045/770/98
f 2048/771/99 2050/773/100 2049/265/100 2047/772/99
f 2050/773/100 2052/774/101 2051/775/101 2049/265/100
f 2052/774/101 2054/776/102 2053/777/102 2051/775/101
f 2054/776/102 2056/778/103 2055/779/103 2053/777/102
f 2056/778/103 2058/780/104 2057/781/104 2055/779/103
f 2058/780/104 2060/782/105 2059/783/105 2057/781/104
f 2060/782/105 2062/784/106 2061/785/106 2059/783/105
f 2062/784/106 2064/786/107 2063/284/107 2061/785/106
f 2064/786/107 2066/787/108 2065/788/108 2063/284/107
f 2066/787/108 2068/789/109 2067/790/109 2065/788/108
f 2068/789/109 2070/791/110 2069/792/110 2067/790/109
f 2070/791/110 2072/793/111 2071/794/111 2069/792/110
f 2072/793/111 2074/795/112 2073/796/112 2071/794/111
f 2074/795/112 2076/797/113 2075/798/113 2073/796/112
f 2076/797/113 2078/799/114 2077/252/114 2075/798/113
f 2078/799/114 2080/800/115 2079/801/115 2077/252/114
f 2080/800/115 2082/802/116 2081/803/116 2079/801/115
f 2082/802/116 2084/804/117 2083/805/117 2081/803/116
f 2084/804/117 2086/806/118 2085/807/118 2083/805/117
f 2086/806/118 2088/808/119 2087/809/119 2085/807/118
f 2088/808/119 2090/810/120 2089/811/120 2087/809/119
f 2090/810/120 1994/721/72 1993/254/72 2089/811/120
f 2092/709/121 2094/812/122 2093/813/122 2091/250/121
f 2094/812/122 2096/814/123 2095/815/123 2093/813/122
f 2096/814/123 2098/816/124 2097/817/124 2095/815/123
f 2098/816/124 2100/818/125 2099/819/125 2097/817/124
f 2100/818/125 2102/820/126 2101/821/126 2099/819/125
f 2102/820/126 2104/822/127 2103/823/127 2101/821/126
f 2104/822/127 2106/824/128 2105/825/128 2103/823/127
f 2106/824/128 2108/826/129 2107/827/129 2105/825/128
f 2108/826/129 2110/828/130 2109/829/130 2107/827/129
f 2110/828/130 2112/830/131 2111/831/131 2109/829/130
f 2112/830/131 2114/832/132 2113/833/132 2111/831/131
f 2114/832/132 2116/834/133 2115/835/133 2113/833/132
f 2116/834/133 2092/721/121 2091/254/121 2115/835/133
f 2118/709/68 2120/712/70 2119/486/70 2117/250/68
f 2120/712/70 2122/715/71 2121/280/71 2119/486/70
f 2122/715/71 2124/718/69 2123/474/69 2121/280/71
f 2124/718/69 2118/721/68 2117/254/68 2123/474/69
f 2126/709/134 2128/734/135 2127/260/135 2125/250/134
f 2128/734/135 2130/747/136 2129/283/136 2127/260/135
f 2130/747/136 2132/760/137 2131/276/137 2129/283/136
f 2132/760/137 2134/773/138 2133/265/138 2131/276/137
f 2134/773/138 2136/786/139 2135/284/139 2133/265/138
f 2136/786/139 2138/799/140 2137/252/140 2135/284/139
f 2138/799/140 2126/721/134 2125/254/134 2137/252/140
f 2140/709/72 2142/722/141 2141/723/141 2139/250/72
f 2142/722/141 2144/724/74 2143/725/74 2141/723/141
f 2144/724/74 2146/726/75 2145/727/75 2143/725/74
f 2146/726/75 2148/728/76 2147/729/76 2145/727/75
f 2148/728/76 2150/730/77 2149/731/77 2147/729/76
f 2150/730/77 2152/732/78 2151/733/78 2149/731/77
f 2152/732/78 2154/734/79 2153/260/79 2151/733/78
f 2154/734/79 2156/735/80 2155/736/80 2153/260/79
f 2156/735/80 2158/737/81 2157/738/81 2155/736/80
f 2158/737/81 2160/739/82 2159/740/82 2157/738/81
f 2160/739/82 2162/741/83 2161/742/83 2159/740/82
f 2162/741/83 2164/743/84 2163/744/84 2161/742/83
f 2164/743/84 2166/745/85 2165/746/85 2163/744/84
f 2166/745/85 2168/747/86 2167/283/86 2165/746/85
f 2168/747/86 2170/748/87 2169/749/87 2167/283/86
f 2170/748/87 2172/750/88 2171/751/88 2169/749/87
f 2172/750/88 2174/752/89 2173/753/89 2171/751/88
f 2174/752/89 2176/754/90 2175/755/90 2173/753/89
f 2176/754/90 2178/756/91 2177/757/91 2175/755/90
f 2178/756/91 2180/758/92 2179/759/92 2177/757/91
f 2180/758/92 2182/760/93 2181/276/93 2179/759/92
f 2182/760/93 2184/761/94 2183/762/94 2181/276/93
f 2184/761/94 2186/763/142 2185/764/142 2183/762/94
f 2186/763/142 2188/765/96 2187/766/96 2185/764/142
f 2188/765/96 2190/767/97 2189/768/97 2187/766/96
f 2190/767/97 2192/769/98 2191/770/98 2189/768/97
f 2192/769/98 2194/771/99 2193/772/99 2191/770/98
f 2194/771/99 2196/773/100 2195/265/100 2193/772/99
f 2196/773/100 2198/774/101 2197/775/101 2195/265/100
f 2198/774/101 2200/776/102 2199/777/102 2197/775/101
f 2200/776/102 2202/778/103 2201/779/103 2199/777/102
f 2202/778/103 2204/780/104 2203/781/104 2201/779/103
f 2204/780/104 2206/782/105 2205/783/105 2203/781/104
f 2206/782/105 2208/784/106 2207/785/106 2205/783/105
f 2208/784/106 2210/786/107 2209/284/107 2207/785/106
f 2210/786/107 2212/787/108 2211/788/108 2209/284/107
f 2212/787/108 2214/789/109 2213/790/109 2211/788/108
f 2214/789/109 2216/791/110 2215/792/110 2213/790/109
f 2216/791/110 2218/793/143 2217/794/143 2215/792/110
f 2218/793/143 2220/795/112 2219/796/112 2217/794/143
f 2220/795/112 2222/797/113 2221/798/113 2219/796/112
f 2222/797/113 2224/799/114 2223/252/114 2221/798/113
f 2224/799/114 2226/800/115 2225/801/115 2223/252/114
f 2226/800/115 2228/802/116 2227/803/116 2225/801/115
f 2228/802/116 2230/804/117 2229/805/117 2227/803/116
f 2230/804/117 2232/806/118 2231/807/118 2229/805/117
f 2232/806/118 2234/808/119 2233/809/119 2231/807/118
f 2234/808/119 2236/810/120 2235/811/120 2233/809/119
f 2236/810/120 2140/721/72 2139/254/72 2235/811/120
f 2238/709/121 2240/812/122 2239/813/122 2237/250/121
f 2240/812/122 2242/814/123 2241/815/123 2239/813/122
f 2242/814/123 2244/816/124 2243/817/124 2241/815/123
f 2244/816/124 2246/818/125 2245/819/125 2243/817/124
f 2246/818/125 2248/820/126 2247/821/126 2245/819/125
f 2248/820/126 2250/822/127 2249/823/127 2247/821/126
f 2250/822/127 2252/824/128 2251/825/128 2249/823/127
f 2252/824/128 2254/826/129 2253/827/129 2251/825/128
f 2254/826/129 2256/828/130 2255/829/130 2253/827/129
f 2256/828/130 2258/830/131 2257/831/131 2255/829/130
f 2258/830/131 2260/832/132 2259/833/132 2257/831/131
f 2260/832/132 2262/834/133 2261/835/133 2259/833/132
f 2262/834/133 2238/721/121 2237/254/121 2261/835/133
f 2264/709/144 2266/836/145 2265/837/145 2263/250/144
f 2266/836/145 2268/838/146 2267/839/146 2265/837/145
f 2268/838/146 2270/840/147 2269/841/147 2267/839/146
f 2270/840/147 2272/842/148 2271/478/148 2269/841/147
f 2272/842/148 2274/843/149 2273/844/149 2271/478/148
f 2274/843/149 2276/845/150 2275/846/150 2273/844/149
f 2276/845/150 2278/847/151 2277/848/151 2275/846/150
f 2278/847/151 2280/712/152 2279/486/152 2277/848/151
f 2280/712/152 2282/849/153 2281/850/153 2279/486/152
f 2282/849/153 2284/851/154 2283/852/154 2281/850/153
f 2284/851/154 2286/853/155 2285/854/155 2283/852/154
f 2286/853/155 2288/855/156 2287/481/156 2285/854/155
f 2288/855/156 2290/856/157 2289/857/157 2287/481/156
f 2290/856/157 2292/858/158 2291/859/158 2289/857/157
f 2292/858/158 2294/860/159 2293/861/159 2291/859/158
f 2294/860/159 2296/715/160 2295/280/160 2293/861/159
f 2296/715/160 2298/862/161 2297/863/161 2295/280/160
f 2298/862/161 2300/864/162 2299/865/162 2297/863/161
f 2300/864/162 2302/866/163 2301/867/163 2299/865/162
f 2302/866/163 2304/868/164 2303/479/164 2301/867/163
f 2304/868/164 2306/869/165 2305/870/165 2303/479/164
f 2306/869/165 2308/871/166 2307/872/166 2305/870/165
f 2308/871/166 2310/873/167 2309/874/167 2307/872/166
f 2310/873/167 2312/718/168 2311/474/168 2309/874/167
f 2312/718/168 2314/875/169 2313/876/169 2311/474/168
f 2314/875/169 2316/877/170 2315/878/170 2313/876/169
f 2316/877/170 2318/879/171 2317/880/171 2315/878/170
f 2318/879/171 2320/881/172 2319/471/172 2317/880/171
f 2320/881/172 2322/882/173 2321/883/173 2319/471/172
f 2322/882/173 2324/884/174 2323/885/174 2321/883/173
f 2324/884/174 2326/886/175 2325/887/175 2323/885/174
f 2326/886/175 2264/721/144 2263/254/144 2325/887/175
f 2328/709/176 2330/838/177 2329/839/177 2327/250/176
f 2330/838/177 2332/842/178 2331/478/178 2329/839/177
f 2332/842/178 2334/845/179 2333/846/179 2331/478/178
f 2334/845/179 2336/712/180 2335/486/180 2333/846/179
f 2336/712/180 2338/851/181 2337/852/181 2335/486/180
f 2338/851/181 2340/855/182 2339/481/182 2337/852/181
f 2340/855/182 2342/858/183 2341/859/183 2339/481/182
f 2342/858/183 2344/715/184 2343/280/184 2341/859/183
f 2344/715/184 2346/864/185 2345/865/185 2343/280/184
f 2346/864/185 2348/868/186 2347/479/186 2345/865/185
f 2348/868/186 2350/871/187 2349/872/187 2347/479/186
f 2350/871/187 2352/718/188 2351/474/188 2349/872/187
f 2352/718/188 2354/877/189 2353/878/189 2351/474/188
f 2354/877/189 2356/881/190 2355/471/190 2353/878/189
f 2356/881/190 2358/884/191 2357/885/191 2355/471/190
f 2358/884/191 2328/721/176 2327/254/176 2357/885/191
f 2360/709/192 2362/838/193 2361/839/193 2359/250/192
f 2362/838/193 2364/842/194 2363/478/194 2361/839/193
f 2364/842/194 2366/845/195 2365/846/195 2363/478/194
f 2366/845/195 2368/712/196 2367/486/196 2365/846/195
f 2368/712/196 2370/851/197 2369/852/197 2367/486/196
f 2370/851/197 2372/855/198 2371/481/198 2369/852/197
f 2372/855/198 2374/858/199 2373/859/199 2371/481/198
f 2374/858/199 2376/715/200 2375/280/200 2373/859/199
f 2376/715/200 2378/864/201 2377/865/201 2375/280/200
f 2378/864/201 2380/868/202 2379/479/202 2377/865/201
f 2380/868/202 2382/871/203 2381/872/203 2379/479/202
f 2382/871/203 2384/718/204 2383/474/204 2381/872/203
f 2384/718/204 2386/877/205 2385/878/205 2383/474/204
f 2386/877/205 2388/881/206 2387/471/206 2385/878/205
f 2388/881/206 2390/884/207 2389/885/207 2387/471/206
f 2390/884/207 2360/721/192 2359/254/192 2389/885/207
f 2392/709/208 2394/888/209 2393/344/209 2391/250/208
f 2394/888/209 2396/889/210 2395/331/210 2393/344/209
f 2396/889/210 2398/890/211 2397/330/211 2395/331/210
f 2398/890/211 2400/891/212 2399/327/212 2397/330/211
f 2400/891/212 2402/892/213 2401/325/213 2399/327/212
f 2402/892/213 2404/893/214 2403/333/214 2401/325/213
f 2404/893/214 2406/894/215 2405/335/215 2403/333/214
f 2406/894/215 2408/895/216 2407/336/216 2405/335/215
f 2408/895/216 2410/896/217 2409/339/217 2407/336/216
f 2410/896/217 2412/897/218 2411/342/218 2409/339/217
f 2412/897/218 2414/898/219 2413/343/219 2411/342/218
f 2414/898/219 2416/899/220 2415/341/220 2413/343/219
f 2416/899/220 2418/900/221 2417/340/221 2415/341/220
f 2418/900/221 2420/901/222 2419/338/222 2417/340/221
f 2420/901/222 2422/902/223 2421/337/223 2419/338/222
f 2422/902/223 2424/903/224 2423/334/224 2421/337/223
f 2424/903/224 2426/904/225 2425/324/225 2423/334/224
f 2426/904/225 2428/905/226 2427/326/226 2425/324/225
f 2428/905/226 2430/906/227 2429/328/227 2427/326/226
f 2430/906/227 2432/907/228 2431/329/228 2429/328/227
f 2432/907/228 2434/908/229 2433/323/229 2431/329/228
f 2434/908/229 2436/909/230 2435/322/230 2433/323/229
f 2436/909/230 2438/910/231 2437/321/231 2435/322/230
f 2438/910/231 2440/911/232 2439/332/232 2437/321/231
f 2440/911/232 2392/721/208 2391/254/208 2439/332/232
f 2442/709/233 2444/912/234 2443/913/234 2441/250/233
f 2444/912/234 2446/914/235 2445/915/235 2443/913/234
f 2446/914/235 2448/916/236 2447/917/236 2445/915/235
f 2448/916/236 2450/892/237 2449/325/237 2447/917/236
f 2450/892/237 2452/712/238 2451/486/238 2449/325/237
f 2452/712/238 2454/918/239 2453/919/239 2451/486/238
f 2454/918/239 2456/920/240 2455/921/240 2453/919/239
f 2456/920/240 2458/897/241 2457/342/241 2455/921/240
f 2458/897/241 2460/922/242 2459/923/242 2457/342/241
f 2460/922/242 2462/715/243 2461/280/243 2459/923/242
f 2462/715/243 2464/924/244 2463/925/244 2461/280/243
f 2464/924/244 2466/902/245 2465/337/245 2463/925/244
f 2466/902/245 2468/926/246 2467/927/246 2465/337/245
f 2468/926/246 2470/928/247 2469/929/247 2467/927/246
f 2470/928/247 2472/718/248 2471/474/248 2469/929/247
f 2472/718/248 2474/907/249 2473/329/249 2471/474/248
f 2474/907/249 2476/930/250 2475/931/250 2473/329/249
f 2476/930/250 2478/932/251 2477/933/251 2475/931/250
f 2478/932/251 2480/934/252 2479/935/252 2477/933/251
f 2480/934/252 2442/721/233 2441/254/233 2479/935/252
f 2482/709/253 2484/936/254 2483/253/254 2481/250/253
f 2484/936/254 2486/937/255 2485/263/255 2483/253/254
f 2486/937/255 2488/938/256 2487/258/256 2485/263/255
f 2488/938/256 2490/939/257 2489/255/257 2487/258/256
f 2490/939/257 2492/940/258 2491/261/258 2489/255/257
f 2492/940/258 2494/734/259 2493/260/259 2491/261/258
f 2494/734/259 2496/711/260 2495/288/260 2493/260/259
f 2496/711/260 2498/941/261 2497/269/261 2495/288/260
f 2498/941/261 2500/942/262 2499/272/262 2497/269/261
f 2500/942/262 2502/943/263 2501/267/263 2499/272/262
f 2502/943/263 2504/944/264 2503/264/264 2501/267/263
f 2504/944/264 2506/747/265 2505/283/265 2503/264/264
f 2506/747/265 2508/945/266 2507/281/266 2505/283/265
f 2508/945/266 2510/713/267 2509/279/267 2507/281/266
f 2510/713/267 2512/946/268 2511/278/268 2509/279/267
f 2512/946/268 2514/947/269 2513/274/269 2511/278/268
f 2514/947/269 2516/948/270 2515/273/270 2513/274/269
f 2516/948/270 2518/760/271 2517/276/271 2515/273/270
f 2518/760/271 2520/949/272 2519/275/272 2517/276/271
f 2520/949/272 2522/950/273 2521/277/273 2519/275/272
f 2522/950/273 2524/715/274 2523/280/274 2521/277/273
f 2524/715/274 2526/951/275 2525/282/275 2523/280/274
f 2526/951/275 2528/952/276 2527/266/276 2525/282/275
f 2528/952/276 2530/773/277 2529/265/277 2527/266/276
f 2530/773/277 2532/953/278 2531/268/278 2529/265/277
f 2532/953/278 2534/954/279 2533/271/279 2531/268/278
f 2534/954/279 2536/955/280 2535/270/280 2533/271/279
f 2536/955/280 2538/717/281 2537/286/281 2535/270/280
f 2538/717/281 2540/956/282 2539/285/282 2537/286/281
f 2540/956/282 2542/786/283 2541/284/283 2539/285/282
f 2542/786/283 2544/957/284 2543/287/284 2541/284/283
f 2544/957/284 2546/958/285 2545/259/285 2543/287/284
f 2546/958/285 2548/959/286 2547/257/286 2545/259/285
f 2548/959/286 2550/960/287 2549/256/287 2547/257/286
f 2550/960/287 2552/719/288 2551/262/288 2549/256/287
f 2552/719/288 2554/799/289 2553/252/289 2551/262/288
f 2554/799/289 2556/961/290 2555/251/290 2553/252/289
f 2556/961/290 2558/962/291 2557/247/291 2555/251/290
f 2558/962/291 2560/963/292 2559/246/292 2557/247/291
f 2560/963/292 2562/964/293 2561/248/293 2559/246/292
f 2562/964/293 2564/965/294 2563/249/294 2561/248/293
f 2564/965/294 2482/721/253 2481/254/253 2563/249/294
f 2566/709/295 2568/888/296 2567/344/296 2565/250/295
f 2568/888/296 2570/889/297 2569/331/297 2567/344/296
f 2570/889/297 2572/890/298 2571/330/298 2569/331/297
f 2572/890/298 2574/891/299 2573/327/299 2571/330/298
f 2574/891/299 2576/892/300 2575/325/300 2573/327/299
f 2576/892/300 2578/893/301 2577/333/301 2575/325/300
f 2578/893/301 2580/894/302 2579/335/302 2577/333/301
f 2580/894/302 2582/895/303 2581/336/303 2579/335/302
f 2582/895/303 2584/896/69 2583/339/69 2581/336/303
f 2584/896/69 2586/897/68 2585/342/68 2583/339/69
f 2586/897/68 2588/898/304 2587/343/304 2585/342/68
f 2588/898/304 2590/899/305 2589/341/305 2587/343/304
f 2590/899/305 2592/900/306 2591/340/306 2589/341/305
f 2592/900/306 2594/901/307 2593/338/307 2591/340/306
f 2594/901/307 2596/902/308 2595/337/308 2593/338/307
f 2596/902/308 2598/903/309 2597/334/309 2595/337/308
f 2598/903/309 2600/904/310 2599/324/310 2597/334/309
f 2600/904/310 2602/905/311 2601/326/311 2599/324/310
f 2602/905/311 2604/906/312 2603/328/312 2601/326/311
f 2604/906/312 2606/907/69 2605/329/69 2603/328/312
f 2606/907/69 2608/908/68 2607/323/68 2605/329/69
f 2608/908/68 2610/909/70 2609/322/70 2607/323/68
f 2610/909/70 2612/910/71 2611/321/71 2609/322/70
f 2612/910/71 2614/911/71 2613/332/71 2611/321/71
f 2614/911/71 2566/721/295 2565/254/295 2613/332/71
f 2616/709/313 2618/838/314 2617/839/314 2615/250/313
f 2618/838/314 2620/842/315 2619/478/315 2617/839/314
f 2620/842/315 2622/845/316 2621/846/316 2619/478/315
f 2622/845/316 2624/712/317 2623/486/317 2621/846/316
f 2624/712/317 2626/851/318 2625/852/318 2623/486/317
f 2626/851/318 2628/855/319 2627/481/319 2625/852/318
f 2628/855/319 2630/858/320 2629/859/320 2627/481/319
f 2630/858/320 2632/715/321 2631/280/321 2629/859/320
f 2632/715/321 2634/864/322 2633/865/322 2631/280/321
f 2634/864/322 2636/868/323 2635/479/323 2633/865/322
f 2636/868/323 2638/871/324 2637/872/324 2635/479/323
f 2638/871/324 2640/718/325 2639/474/325 2637/872/324
f 2640/718/325 2642/877/326 2641/878/326 2639/474/325
f 2642/877/326 2644/881/327 2643/471/327 2641/878/326
f 2644/881/327 2646/884/328 2645/885/328 2643/471/327
f 2646/884/328 2616/721/313 2615/254/313 2645/885/328
f 2648/709/329 2650/838/330 2649/839/330 2647/250/329
f 2650/838/330 2652/842/331 2651/478/331 2649/839/330
f 2652/842/331 2654/845/332 2653/846/332 2651/478/331
f 2654/845/332 2656/712/333 2655/486/333 2653/846/332
f 2656/712/333 2658/851/334 2657/852/334 2655/486/333
f 2658/851/334 2660/855/335 2659/481/335 2657/852/334
f 2660/855/335 2662/858/336 2661/859/336 2659/481/335
f 2662/858/336 2664/715/337 2663/280/337 2661/859/336
f 2664/715/337 2666/864/338 2665/865/338 2663/280/337
f 2666/864/338 2668/868/339 2667/479/339 2665/865/338
f 2668/868/339 2670/871/340 2669/872/340 2667/479/339
f 2670/871/340 2672/718/341 2671/474/341 2669/872/340
f 2672/718/341 2674/877/342 2673/878/342 2671/474/341
f 2674/877/342 2676/881/343 2675/471/343 2673/878/342
f 2676/881/343 2678/884/344 2677/885/344 2675/471/343
f 2678/884/344 2648/721/329 2647/254/329 2677/885/344
f 2680/709/345 2682/812/137 2681/813/137 2679/250/345
f 2682/812/137 2684/814/138 2683/815/138 2681/813/137
f 2684/814/138 2686/816/346 2685/817/346 2683/815/138
f 2686/816/346 2688/818/347 2687/819/347 2685/817/346
f 2688/818/347 2690/820/348 2689/821/348 2687/819/347
f 2690/820/348 2692/822/349 2691/823/349 2689/821/348
f 2692/822/349 2694/824/350 2693/825/350 2691/823/349
f 2694/824/350 2696/826/351 2695/827/351 2693/825/350
f 2696/826/351 2698/828/352 2697/829/352 2695/827/351
f 2698/828/352 2700/830/353 2699/831/353 2697/829/352
f 2700/830/353 2702/832/354 2701/833/354 2699/831/353
f 2702/832/354 2704/834/355 2703/835/355 2701/833/354
f 2704/834/355 2680/721/345 2679/254/345 2703/835/355
f 2706/709/356 2708/966/357 2707/967/357 2705/250/356
f 2708/966/357 2710/968/358 2709/463/358 2707/967/357
f 2710/968/358 2712/969/359 2711/970/359 2709/463/358
f 2712/969/359 2714/971/360 2713/465/360 2711/970/359
f 2714/971/360 2716/972/361 2715/973/361 2713/465/360
f 2716/972/361 2718/974/362 2717/464/362 2715/973/361
f 2718/974/362 2720/975/363 2719/976/363 2717/464/362
f 2720/975/363 2722/977/364 2721/466/364 2719/976/363
f 2722/977/364 2724/978/322 2723/979/322 2721/466/364
f 2724/978/322 2726/980/365 2725/456/365 2723/979/322
f 2726/980/365 2728/981/366 2727/982/366 2725/456/365
f 2728/981/366 2730/983/367 2729/454/367 2727/982/366
f 2730/983/367 2732/984/368 2731/985/368 2729/454/367
f 2732/984/368 2734/986/369 2733/453/369 2731/985/368
f 2734/986/369 2736/987/370 2735/988/370 2733/453/369
f 2736/987/370 2738/989/371 2737/455/371 2735/988/370
f 2738/989/371 2740/990/372 2739/991/372 2737/455/371
f 2740/990/372 2742/992/373 2741/457/373 2739/991/372
f 2742/992/373 2744/715/374 2743/280/374 2741/457/373
f 2744/715/374 2746/993/375 2745/469/375 2743/280/374
f 2746/993/375 2748/994/376 2747/995/376 2745/469/375
f 2748/994/376 2750/996/377 2749/470/377 2747/995/376
f 2750/996/377 2752/997/378 2751/998/378 2749/470/377
f 2752/997/378 2754/999/379 2753/468/379 2751/998/378
f 2754/999/379 2756/1000/380 2755/1001/380 2753/468/379
f 2756/1000/380 2758/1002/381 2757/461/381 2755/1001/380
f 2758/1002/381 2760/1003/382 2759/1004/382 2757/461/381
f 2760/1003/382 2762/1005/383 2761/458/383 2759/1004/382
f 2762/1005/383 2764/1006/384 2763/1007/384 2761/458/383
f 2764/1006/384 2766/1008/385 2765/460/385 2763/1007/384
f 2766/1008/385 2768/1009/386 2767/1010/386 2765/460/385
f 2768/1009/386 2770/1011/387 2769/459/387 2767/1010/386
f 2770/1011/387 2772/1012/68 2771/1013/68 2769/459/387
f 2772/1012/68 2774/1014/68 2773/462/68 2771/1013/68
f 2774/1014/68 2776/1015/70 2775/1016/70 2773/462/68
f 2776/1015/70 2778/1017/71 2777/467/71 2775/1016/70
f 2778/1017/71 2780/1018/388 2779/1019/388 2777/467/71
f 2780/1018/388 2706/721/356 2705/254/356 2779/1019/388
f 2782/709/71 2784/1020/389 2783/1021/389 2781/250/71
f 2784/1020/389 2786/1022/390 2785/1023/390 2783/1021/389
f 2786/1022/390 2788/1024/391 2787/1025/391 2785/1023/390
f 2788/1024/391 2790/1026/392 2789/1027/392 2787/1025/391
f 2790/1026/392 2792/1028/393 2791/1029/393 2789/1027/392
f 2792/1028/393 2794/1030/394 2793/1031/394 2791/1029/393
f 2794/1030/394 2796/1032/395 2795/1033/395 2793/1031/394
f 2796/1032/395 2798/1034/396 2797/1035/396 2795/1033/395
f 2798/1034/396 2800/1036/397 2799/1037/397 2797/1035/396
f 2800/1036/397 2802/1038/398 2801/1039/398 2799/1037/397
f 2802/1038/398 2804/1040/399 2803/1041/399 2801/1039/398
f 2804/1040/399 2806/1042/400 2805/1043/400 2803/1041/399
f 2806/1042/400 2808/1044/401 2807/1045/401 2805/1043/400
f 2808/1044/401 2810/1046/402 2809/1047/402 2807/1045/401
f 2810/1046/402 2812/1048/403 2811/1049/403 2809/1047/402
f 2812/1048/403 2814/1050/404 2813/1051/404 2811/1049/403
f 2814/1050/404 2816/1052/405 2815/1053/405 2813/1051/404
f 2816/1052/405 2818/1054/406 2817/1055/406 2815/1053/405
f 2818/1054/406 2820/1056/69 2819/1057/69 2817/1055/406
f 2820/1056/69 2822/1058/68 2821/1059/68 2819/1057/69
f 2822/1058/68 2824/1060/70 2823/1061/70 2821/1059/68
f 2824/1060/70 2826/1062/71 2825/1063/71 2823/1061/70
f 2826/1062/71 2782/721/71 2781/254/71 2825/1063/71
f 2828/709/72 2830/722/141 2829/723/141 2827/250/72
f 2830/722/141 2832/724/74 2831/725/74 2829/723/141
f 2832/724/74 2834/726/75 2833/727/75 2831/725/74
f 2834/726/75 2836/728/76 2835/729/76 2833/727/75
f 2836/728/76 2838/730/77 2837/731/77 2835/729/76
f 2838/730/77 2840/732/78 2839/733/78 2837/731/77
f 2840/732/78 2842/734/79 2841/260/79 2839/733/78
f 2842/734/79 2844/735/80 2843/736/80 2841/260/79
f 2844/735/80 2846/737/81 2845/738/81 2843/736/80
f 2846/737/81 2848/739/82 2847/740/82 2845/738/81
f 2848/739/82 2850/741/407 2849/742/407 2847/740/82
f 2850/741/407 2852/743/84 2851/744/84 2849/742/407
f 2852/743/84 2854/745/85 2853/746/85 2851/744/84
f 2854/745/85 2856/747/86 2855/283/86 2853/746/85
f 2856/747/86 2858/748/87 2857/749/87 2855/283/86
f 2858/748/87 2860/750/88 2859/751/88 2857/749/87
f 2860/750/88 2862/752/89 2861/753/89 2859/751/88
f 2862/752/89 2864/754/90 2863/755/90 2861/753/89
f 2864/754/90 2866/756/91 2865/757/91 2863/755/90
f 2866/756/91 2868/758/92 2867/759/92 2865/757/91
f 2868/758/92 2870/760/93 2869/276/93 2867/759/92
f 2870/760/93 2872/761/94 2871/762/94 2869/276/93
f 2872/761/94 2874/763/142 2873/764/142 2871/762/94
f 2874/763/142 2876/765/96 2875/766/96 2873/764/142
f 2876/765/96 2878/767/97 2877/768/97 2875/766/96
f 2878/767/97 2880/769/98 2879/770/98 2877/768/97
f 2880/769/98 2882/771/99 2881/772/99 2879/770/98
f 2882/771/99 2884/773/100 2883/265/100 2881/772/99
f 2884/773/100 2886/774/101 2885/775/101 2883/265/100
f 2886/774/101 2888/776/102 2887/777/102 2885/775/101
f 2888/776/102 2890/778/103 2889/779/103 2887/777/102
f 2890/778/103 2892/780/104 2891/781/104 2889/779/103
f 2892/780/104 2894/782/105 2893/783/105 2891/781/104
f 2894/782/105 2896/784/106 2895/785/106 2893/783/105
f 2896/784/106 2898/786/107 2897/284/107 2895/785/106
f 2898/786/107 2900/787/108 2899/788/108 2897/284/107
f 2900/787/108 2902/789/109 2901/790/109 2899/788/108
f 2902/789/109 2904/791/110 2903/792/110 2901/790/109
f 2904/791/110 2906/793/111 2905/794/111 2903/792/110
f 2906/793/111 2908/795/112 2907/796/112 2905/794/111
f 2908/795/112 2910/797/113 2909/798/113 2907/796/112
f 2910/797/113 2912/799/114 2911/252/114 2909/798/113
f 2912/799/114 2914/800/115 2913/801/115 2911/252/114
f 2914/800/115 2916/802/116 2915/803/116 2913/801/115
f 2916/802/116 2918/804/117 2917/805/117 2915/803/116
f 2918/804/117 2920/806/118 2919/807/118 2917/805/117
f 2920/806/118 2922/808/119 2921/809/119 2919/807/118
f 2922/808/119 2924/810/120 2923/811/120 2921/809/119
f 2924/810/120 2828/721/72 2827/254/72 2923/811/120
f 2926/709/121 2928/812/122 2927/813/122 2925/250/121
f 2928/812/122 2930/814/123 2929/815/123 2927/813/122
f 2930/814/123 2932/816/124 2931/817/124 2929/815/123
f 2932/816/124 2934/818/125 2933/819/125 2931/817/124
f 2934/818/125 2936/820/126 2935/821/126 2933/819/125
f 2936/820/126 2938/822/127 2937/823/127 2935/821/126
f 2938/822/127 2940/824/128 2939/825/128 2937/823/127
f 2940/824/128 2942/826/129 2941/827/129 2939/825/128
f 2942/826/129 2944/828/130 2943/829/130 2941/827/129
f 2944/828/130 2946/830/131 2945/831/131 2943/829/130
f 2946/830/131 2948/832/132 2947/833/132 2945/831/131
f 2948/832/132 2950/834/133 2949/835/133 2947/833/132
f 2950/834/133 2926/721/121 2925/254/121 2949/835/133
f 2952/709/68 2954/838/70 2953/839/70 2951/250/68
f 2954/838/70 2956/842/408 2955/478/408 2953/839/70
f 2956/842/408 2958/845/409 2957/846/409 2955/478/408
f 2958/845/409 2960/712/410 2959/486/410 2957/846/409
f 2960/712/410 2962/851/411 2961/852/411 2959/486/410
f 2962/851/411 2964/855/412 2963/481/412 2961/852/411
f 2964/855/412 2966/858/413 2965/859/413 2963/481/412
f 2966/858/413 2968/715/414 2967/280/414 2965/859/413
f 2968/715/414 2970/864/415 2969/865/415 2967/280/414
f 2970/864/415 2972/868/416 2971/479/416 2969/865/415
f 2972/868/416 2974/871/417 2973/872/417 2971/479/416
f 2974/871/417 2976/718/418 2975/474/418 2973/872/417
f 2976/718/418 2978/877/419 2977/878/419 2975/474/418
f 2978/877/419 2980/881/420 2979/471/420 2977/878/419
f 2980/881/420 2982/884/69 2981/885/69 2979/471/420
f 2982/884/69 2952/721/68 2951/254/68 2981/885/69
f 2984/709/421 2986/938/422 2985/258/422 2983/250/421
f 2986/938/422 2988/734/423 2987/260/423 2985/258/422
f 2988/734/423 2990/942/424 2989/272/424 2987/260/423
f 2990/942/424 2992/747/425 2991/283/425 2989/272/424
f 2992/747/425 2994/946/426 2993/278/426 2991/283/425
f 2994/946/426 2996/760/427 2995/276/427 2993/278/426
f 2996/760/427 2998/715/428 2997/280/428 2995/276/427
f 2998/715/428 3000/773/429 2999/265/429 2997/280/428
f 3000/773/429 3002/955/430 3001/270/430 2999/265/429
f 3002/955/430 3004/786/431 3003/284/431 3001/270/430
f 3004/786/431 3006/959/432 3005/257/432 3003/284/431
f 3006/959/432 3008/799/69 3007/252/69 3005/257/432
f 3008/799/69 3010/963/433 3009/246/433 3007/252/69
f 3010/963/433 2984/721/421 2983/254/421 3009/246/433
f 3012/709/295 3014/888/296 3013/344/296 3011/250/295
f 3014/888/296 3016/889/297 3015/331/297 3013/344/296
f 3016/889/297 3018/890/298 3017/330/298 3015/331/297
f 3018/890/298 3020/891/434 3019/327/434 3017/330/298
f 3020/891/434 3022/892/435 3021/325/435 3019/327/434
f 3022/892/435 3024/893/436 3023/333/436 3021/325/435
f 3024/893/436 3026/894/437 3025/335/437 3023/333/436
f 3026/894/437 3028/895/438 3027/336/438 3025/335/437
f 3028/895/438 3030/896/69 3029/339/69 3027/336/438
f 3030/896/69 3032/897/68 3031/342/68 3029/339/69
f 3032/897/68 3034/898/304 3033/343/304 3031/342/68
f 3034/898/304 3036/899/305 3035/341/305 3033/343/304
f 3036/899/305 3038/900/306 3037/340/306 3035/341/305
f 3038/900/306 3040/901/307 3039/338/307 3037/340/306
f 3040/901/307 3042/902/308 3041/337/308 3039/338/307
f 3042/902/308 3044/903/309 3043/334/309 3041/337/308
f 3044/903/309 3046/904/310 3045/324/310 3043/334/309
f 3046/904/310 3048/905/311 3047/326/311 3045/324/310
f 3048/905/311 3050/906/312 3049/328/312 3047/326/311
f 3050/906/312 3052/907/69 3051/329/69 3049/328/312
f 3052/907/69 3054/908/68 3053/323/68 3051/329/69
f 3054/908/68 3056/909/70 3055/322/70 3053/323/68
f 3056/909/70 3058/910/71 3057/321/71 3055/322/70
f 3058/910/71 3060/911/71 3059/332/71 3057/321/71
f 3060/911/71 3012/721/295 3011/254/295 3059/332/71
f 3062/709/68 3064/712/70 3063/486/70 3061/250/68
f 3064/712/70 3066/715/71 3065/280/71 3063/486/70
f 3066/715/71 3068/718/69 3067/474/69 3065/280/71
f 3068/718/69 3062/721/68 3061/254/68 3067/474/69
f 3070/709/439 3072/838/68 3071/839/68 3069/250/439
f 3072/838/68 3074/842/440 3073/478/440 3071/839/68
f 3074/842/440 3076/845/441 3075/846/441 3073/478/440
f 3076/845/441 3078/712/442 3077/486/442 3075/846/441
f 3078/712/442 3080/851/70 3079/852/70 3077/486/442
f 3080/851/70 3082/855/443 3081/481/443 3079/852/70
f 3082/855/443 3084/858/444 3083/859/444 3081/481/443
f 3084/858/444 3086/715/445 3085/280/445 3083/859/444
f 3086/715/445 3088/864/71 3087/865/71 3085/280/445
f 3088/864/71 3090/868/446 3089/479/446 3087/865/71
f 3090/868/446 3092/871/447 3091/872/447 3089/479/446
f 3092/871/447 3094/718/448 3093/474/448 3091/872/447
f 3094/718/448 3096/877/69 3095/878/69 3093/474/448
f 3096/877/69 3098/881/449 3097/471/449 3095/878/69
f 3098/881/449 3100/884/450 3099/885/450 3097/471/449
f 3100/884/450 3070/721/439 3069/254/439 3099/885/450
f 3102/709/451 3104/1064/452 3103/308/452 3101/250/451
f 3104/1064/452 3106/1065/453 3105/307/453 3103/308/452
f 3106/1065/453 3108/1066/454 3107/306/454 3105/307/453
f 3108/1066/454 3110/1067/455 3109/301/455 3107/306/454
f 3110/1067/455 3112/1068/456 3111/304/456 3109/301/455
f 3112/1068/456 3114/1069/457 3113/290/457 3111/304/456
f 3114/1069/457 3116/1070/458 3115/289/458 3113/290/457
f 3116/1070/458 3118/1071/459 3117/293/459 3115/289/458
f 3118/1071/459 3120/1072/460 3119/295/460 3117/293/459
f 3120/1072/460 3122/1073/461 3121/302/461 3119/295/460
f 3122/1073/461 3124/1074/462 3123/297/462 3121/302/461
f 3124/1074/462 3126/1075/463 3125/311/463 3123/297/462
f 3126/1075/463 3128/1076/464 3127/320/464 3125/311/463
f 3128/1076/464 3130/1077/465 3129/318/465 3127/320/464
f 3130/1077/465 3132/1078/466 3131/317/466 3129/318/465
f 3132/1078/466 3134/1079/467 3133/291/467 3131/317/466
f 3134/1079/467 3136/715/468 3135/280/468 3133/291/467
f 3136/715/468 3138/1080/469 3137/300/469 3135/280/468
f 3138/1080/469 3140/1081/470 3139/299/470 3137/300/469
f 3140/1081/470 3142/1082/471 3141/305/471 3139/299/470
f 3142/1082/471 3144/1083/472 3143/309/472 3141/305/471
f 3144/1083/472 3146/1084/473 3145/316/473 3143/309/472
f 3146/1084/473 3148/1085/474 3147/315/474 3145/316/473
f 3148/1085/474 3150/1086/475 3149/314/475 3147/315/474
f 3150/1086/475 3152/1087/476 3151/313/476 3149/314/475
f 3152/1087/476 3154/1088/477 3153/319/477 3151/313/476
f 3154/1088/477 3156/1089/478 3155/310/478 3153/319/477
f 3156/1089/478 3158/1090/479 3157/312/479 3155/310/478
f 3158/1090/479 3160/1091/480 3159/296/480 3157/312/479
f 3160/1091/480 3162/1092/481 3161/298/481 3159/296/480
f 3162/1092/481 3164/1093/482 3163/303/482 3161/298/481
f 3164/1093/482 3166/1094/483 3165/294/483 3163/303/482
f 3166/1094/483 3168/1095/484 3167/292/484 3165/294/483
f 3168/1095/484 3102/721/451 3101/254/451 3167/292/484
f 3170/709/485 3172/1096/486 3171/1097/486 3169/250/485
f 3172/1096/486 3174/1020/487 3173/1021/487 3171/1097/486
f 3174/1020/487 3176/1098/488 3175/1099/488 3173/1021/487
f 3176/1098/488 3178/1022/489 3177/1023/489 3175/1099/488
f 3178/1022/489 3180/1100/490 3179/1101/490 3177/1023/489
f 3180/1100/490 3182/1024/491 3181/1025/491 3179/1101/490
f 3182/1024/491 3184/1102/492 3183/1103/492 3181/1025/491
f 3184/1102/492 3186/1026/493 3185/1027/493 3183/1103/492
f 3186/1026/493 3188/1104/494 3187/1105/494 3185/1027/493
f 3188/1104/494 3190/1028/495 3189/1029/495 3187/1105/494
f 3190/1028/495 3192/1106/496 3191/1107/496 3189/1029/495
f 3192/1106/496 3194/1030/497 3193/1031/497 3191/1107/496
f 3194/1030/497 3196/1108/498 3195/1109/498 3193/1031/497
f 3196/1108/498 3198/1032/499 3197/1033/499 3195/1109/498
f 3198/1032/499 3200/1110/500 3199/1111/500 3197/1033/499
f 3200/1110/500 3202/1034/501 3201/1035/501 3199/1111/500
f 3202/1034/501 3204/1112/502 3203/1113/502 3201/1035/501
f 3204/1112/502 3206/1036/503 3205/1037/503 3203/1113/502
f 3206/1036/503 3208/1114/504 3207/1115/504 3205/1037/503
f 3208/1114/504 3210/1038/505 3209/1039/505 3207/1115/504
f 3210/1038/505 3212/1116/506 3211/1117/506 3209/1039/505
f 3212/1116/506 3214/1040/507 3213/1041/507 3211/1117/506
f 3214/1040/507 3216/715/508 3215/280/508 3213/1041/507
f 3216/715/508 3218/1042/509 3217/1043/509 3215/280/508
f 3218/1042/509 3220/1118/510 3219/1119/510 3217/1043/509
f 3220/1118/510 3222/1044/511 3221/1045/511 3219/1119/510
f 3222/1044/511 3224/1120/512 3223/1121/512 3221/1045/511
f 3224/1120/512 3226/1046/513 3225/1047/513 3223/1121/512
f 3226/1046/513 3228/1122/514 3227/1123/514 3225/1047/513
f 3228/1122/514 3230/1048/515 3229/1049/515 3227/1123/514
f 3230/1048/515 3232/1124/516 3231/1125/516 3229/1049/515
f 3232/1124/516 3234/1050/517 3233/1051/517 3231/1125/516
f 3234/1050/517 3236/1126/518 3235/1127/518 3233/1051/517
f 3236/1126/518 3238/1052/519 3237/1053/519 3235/1127/518
f 3238/1052/519 3240/1128/520 3239/1129/520 3237/1053/519
f 3240/1128/520 3242/1054/521 3241/1055/521 3239/1129/520
f 3242/1054/521 3244/1130/522 3243/1131/522 3241/1055/521
f 3244/1130/522 3246/1056/523 3245/1057/523 3243/1131/522
f 3246/1056/523 3248/1132/524 3247/1133/524 3245/1057/523
f 3248/1132/524 3250/1058/525 3249/1059/525 3247/1133/524
f 3250/1058/525 3252/1134/526 3251/1135/526 3249/1059/525
f 3252/1134/526 3254/1060/527 3253/1061/527 3251/1135/526
f 3254/1060/527 3256/1136/528 3255/1137/528 3253/1061/527
f 3256/1136/528 3258/1062/529 3257/1063/529 3255/1137/528
f 3258/1062/529 3260/1138/530 3259/1139/530 3257/1063/529
f 3260/1138/530 3170/721/485 3169/254/485 3259/1139/530
f 3262/709/253 3264/936/254 3263/253/254 3261/250/253
f 3264/936/254 3266/937/255 3265/263/255 3263/253/254
f 3266/937/255 3268/938/256 3267/258/256 3265/263/255
f 3268/938/256 3270/939/257 3269/255/257 3267/258/256
f 3270/939/257 3272/940/258 3271/261/258 3269/255/257
f 3272/940/258 3274/734/259 3273/260/259 3271/261/258
f 3274/734/259 3276/711/260 3275/288/260 3273/260/259
f 3276/711/260 3278/941/261 3277/269/261 3275/288/260
f 3278/941/261 3280/942/262 3279/272/262 3277/269/261
f 3280/942/262 3282/943/263 3281/267/263 3279/272/262
f 3282/943/263 3284/944/264 3283/264/264 3281/267/263
f 3284/944/264 3286/747/265 3285/283/265 3283/264/264
f 3286/747/265 3288/945/266 3287/281/266 3285/283/265
f 3288/945/266 3290/713/267 3289/279/267 3287/281/266
f 3290/713/267 3292/946/268 3291/278/268 3289/279/267
f 3292/946/268 3294/947/269 3293/274/269 3291/278/268
f 3294/947/269 3296/948/270 3295/273/270 3293/274/269
f 3296/948/270 3298/760/271 3297/276/271 3295/273/270
f 3298/760/271 3300/949/272 3299/275/272 3297/276/271
f 3300/949/272 3302/950/273 3301/277/273 3299/275/272
f 3302/950/273 3304/715/274 3303/280/274 3301/277/273
f 3304/715/274 3306/951/275 3305/282/275 3303/280/274
f 3306/951/275 3308/952/531 3307/266/531 3305/282/275
f 3308/952/531 3310/773/277 3309/265/277 3307/266/531
f 3310/773/277 3312/953/278 3311/268/278 3309/265/277
f 3312/953/278 3314/954/279 3313/271/279 3311/268/278
f 3314/954/279 3316/955/532 3315/270/532 3313/271/279
f 3316/955/532 3318/717/281 3317/286/281 3315/270/532
f 3318/717/281 3320/956/282 3319/285/282 3317/286/281
f 3320/956/282 3322/786/283 3321/284/283 3319/285/282
f 3322/786/283 3324/957/284 3323/287/284 3321/284/283
f 3324/957/284 3326/958/285 3325/259/285 3323/287/284
f 3326/958/285 3328/959/286 3327/257/286 3325/259/285
f 3328/959/286 3330/960/287 3329/256/287 3327/257/286
f 3330/960/287 3332/719/288 3331/262/288 3329/256/287
f 3332/719/288 3334/799/289 3333/252/289 3331/262/288
f 3334/799/289 3336/961/290 3335/251/290 3333/252/289
f 3336/961/290 3338/962/291 3337/247/291 3335/251/290
f 3338/962/291 3340/963/292 3339/246/292 3337/247/291
f 3340/963/292 3342/964/293 3341/248/293 3339/246/292
f 3342/964/293 3344/965/294 3343/249/294 3341/248/293
f 3344/965/294 3262/721/253 3261/254/253 3343/249/294
f 3346/709/533 3348/842/534 3347/478/534 3345/250/533
f 3348/842/534 3350/712/535 3349/486/535 3347/478/534
f 3350/712/535 3352/855/536 3351/481/536 3349/486/535
f 3352/855/536 3354/715/537 3353/280/537 3351/481/536
f 3354/715/537 3356/868/538 3355/479/538 3353/280/537
f 3356/868/538 3358/718/539 3357/474/539 3355/479/538
f 3358/718/539 3360/881/540 3359/471/540 3357/474/539
f 3360/881/540 3346/721/533 3345/254/533 3359/471/540
f 3362/709/485 3364/1096/486 3363/1097/486 3361/250/485
f 3364/1096/486 3366/1020/487 3365/1021/487 3363/1097/486
f 3366/1020/487 3368/1098/488 3367/1099/488 3365/1021/487
f 3368/1098/488 3370/1022/489 3369/1023/489 3367/1099/488
f 3370/1022/489 3372/1100/490 3371/1101/490 3369/1023/489
f 3372/1100/490 3374/1024/491 3373/1025/491 3371/1101/490
f 3374/1024/491 3376/1102/492 3375/1103/492 3373/1025/491
f 3376/1102/492 3378/1026/493 3377/1027/493 3375/1103/492
f 3378/1026/493 3380/1104/494 3379/1105/494 3377/1027/493
f 3380/1104/494 3382/1028/495 3381/1029/495 3379/1105/494
f 3382/1028/495 3384/1106/496 3383/1107/496 3381/1029/495
f 3384/1106/496 3386/1030/497 3385/1031/497 3383/1107/496
f 3386/1030/497 3388/1108/498 3387/1109/498 3385/1031/497
f 3388/1108/498 3390/1032/499 3389/1033/499 3387/1109/498
f 3390/1032/499 3392/1110/500 3391/1111/500 3389/1033/499
f 3392/1110/500 3394/1034/501 3393/1035/501 3391/1111/500
f 3394/1034/501 3396/1112/502 3395/1113/502 3393/1035/501
f 3396/1112/502 3398/1036/503 3397/1037/503 3395/1113/502
f 3398/1036/503 3400/1114/504 3399/1115/504 3397/1037/503
f 3400/1114/504 3402/1038/505 3401/1039/505 3399/1115/504
f 3402/1038/505 3404/1116/506 3403/1117/506 3401/1039/505
f 3404/1116/506 3406/1040/507 3405/1041/507 3403/1117/506
f 3406/1040/507 3408/715/508 3407/280/508 3405/1041/507
f 3408/715/508 3410/1042/509 3409/1043/509 3407/280/508
f 3410/1042/509 3412/1118/510 3411/1119/510 3409/1043/509
f 3412/1118/510 3414/1044/511 3413/1045/511 3411/1119/510
f 3414/1044/511 3416/1120/512 3415/1121/512 3413/1045/511
f 3416/1120/512 3418/1046/513 3417/1047/513 3415/1121/512
f 3418/1046/513 3420/1122/514 3419/1123/514 3417/1047/513
f 3420/1122/514 3422/1048/515 3421/1049/515 3419/1123/514
f 3422/1048/515 3424/1124/516 3423/1125/516 3421/1049/515
f 3424/1124/516 3426/1050/517 3425/1051/517 3423/1125/516
f 3426/1050/517 3428/1126/518 3427/1127/518 3425/1051/517
f 3428/1126/518 3430/1052/519 3429/1053/519 3427/1127/518
f 3430/1052/519 3432/1128/520 3431/1129/520 3429/1053/519
f 3432/1128/520 3434/1054/521 3433/1055/521 3431/1129/520
f 3434/1054/521 3436/1130/522 3435/1131/522 3433/1055/521
f 3436/1130/522 3438/1056/523 3437/1057/523 3435/1131/522
f 3438/1056/523 3440/1132/524 3439/1133/524 3437/1057/523
f 3440/1132/524 3442/1058/525 3441/1059/525 3439/1133/524
f 3442/1058/525 3444/1134/526 3443/1135/526 3441/1059/525
f 3444/1134/526 3446/1060/527 3445/1061/527 3443/1135/526
f 3446/1060/527 3448/1136/528 3447/1137/528 3445/1061/527
f 3448/1136/528 3450/1062/529 3449/1063/529 3447/1137/528
f 3450/1062/529 3452/1138/530 3451/1139/530 3449/1063/529
f 3452/1138/530 3362/721/485 3361/254/485 3451/1139/530
f 3454/709/71 3456/1140/69 3455/1141/69 3453/250/71
f 3456/1140/69 3458/812/69 3457/813/69 3455/1141/69
f 3458/812/69 3460/1142/541 3459/1143/541 3457/813/69
f 3460/1142/541 3462/814/542 3461/815/542 3459/1143/541
f 3462/814/542 3464/1144/543 3463/1145/543 3461/815/542
f 3464/1144/543 3466/816/544 3465/817/544 3463/1145/543
f 3466/816/544 3468/1146/545 3467/1147/545 3465/817/544
f 3468/1146/545 3470/818/546 3469/819/546 3467/1147/545
f 3470/818/546 3472/1148/547 3471/1149/547 3469/819/546
f 3472/1148/547 3474/820/548 3473/821/548 3471/1149/547
f 3474/820/548 3476/1150/549 3475/1151/549 3473/821/548
f 3476/1150/549 3478/822/550 3477/823/550 3475/1151/549
f 3478/822/550 3480/715/551 3479/280/551 3477/823/550
f 3480/715/551 3482/824/552 3481/825/552 3479/280/551
f 3482/824/552 3484/1152/553 3483/1153/553 3481/825/552
f 3484/1152/553 3486/826/554 3485/827/554 3483/1153/553
f 3486/826/554 3488/1154/555 3487/1155/555 3485/827/554
f 3488/1154/555 3490/828/556 3489/829/556 3487/1155/555
f 3490/828/556 3492/1156/557 3491/1157/557 3489/829/556
f 3492/1156/557 3494/830/558 3493/831/558 3491/1157/557
f 3494/830/558 3496/1158/68 3495/1159/68 3493/831/558
f 3496/1158/68 3498/832/68 3497/833/68 3495/1159/68
f 3498/832/68 3500/1160/442 3499/1161/442 3497/833/68
f 3500/1160/442 3502/834/445 3501/835/445 3499/1161/442
f 3502/834/445 3504/1162/71 3503/1163/71 3501/835/445
f 3504/1162/71 3454/721/71 3453/254/71 3503/1163/71
f 3506/709/559 3508/1140/560 3507/1141/560 3505/250/559
f 3508/1140/560 3510/812/561 3509/813/561 3507/1141/560
f 3510/812/561 3512/1142/562 3511/1143/562 3509/813/561
f 3512/1142/562 3514/814/563 3513/815/563 3511/1143/562
f 3514/814/563 3516/1144/564 3515/1145/564 3513/815/563
f 3516/1144/564 3518/816/565 3517/817/565 3515/1145/564
f 3518/816/565 3520/1146/566 3519/1147/566 3517/817/565
f 3520/1146/566 3522/818/567 3521/819/567 3519/1147/566
f 3522/818/567 3524/1148/568 3523/1149/568 3521/819/567
f 3524/1148/568 3526/820/569 3525/821/569 3523/1149/568
f 3526/820/569 3528/1150/570 3527/1151/570 3525/821/569
f 3528/1150/570 3530/822/571 3529/823/571 3527/1151/570
f 3530/822/571 3532/715/572 3531/280/572 3529/823/571
f 3532/715/572 3534/824/573 3533/825/573 3531/280/572
f 3534/824/573 3536/1152/574 3535/1153/574 3533/825/573
f 3536/1152/574 3538/826/575 3537/827/575 3535/1153/574
f 3538/826/575 3540/1154/576 3539/1155/576 3537/827/575
f 3540/1154/576 3542/828/577 3541/829/577 3539/1155/576
f 3542/828/577 3544/1156/578 3543/1157/578 3541/829/577
f 3544/1156/578 3546/830/579 3545/831/579 3543/1157/578
f 3546/830/579 3548/1158/580 3547/1159/580 3545/831/579
f 3548/1158/580 3550/832/581 3549/833/581 3547/1159/580
f 3550/832/581 3552/1160/582 3551/1161/582 3549/833/581
f 3552/1160/582 3554/834/583 3553/835/583 3551/1161/582
f 3554/834/583 3556/1162/584 3555/1163/584 3553/835/583
f 3556/1162/584 3506/721/559 3505/254/559 3555/1163/584
f 3558/709/585 3560/1164/586 3559/361/586 3557/250/585
f 3560/1164/586 3562/1165/587 3561/353/587 3559/361/586
f 3562/1165/587 3564/713/588 3563/279/588 3561/353/587
f 3564/713/588 3566/1166/589 3565/352/589 3563/279/588
f 3566/1166/589 3568/1167/590 3567/348/590 3565/352/589
f 3568/1167/590 3570/717/591 3569/286/591 3567/348/590
f 3570/717/591 3572/1168/592 3571/355/592 3569/286/591
f 3572/1168/592 3574/1169/593 3573/364/593 3571/355/592
f 3574/1169/593 3558/721/585 3557/254/585 3573/364/593
f 3576/709/594 3578/1170/595 3577/1171/595 3575/250/594
f 3578/1170/595 3580/1172/596 3579/1173/596 3577/1171/595
f 3580/1172/596 3582/1174/597 3581/1175/597 3579/1173/596
f 3582/1174/597 3584/1176/598 3583/1177/598 3581/1175/597
f 3584/1176/598 3586/1178/599 3585/1179/599 3583/1177/598
f 3586/1178/599 3588/1180/600 3587/1181/600 3585/1179/599
f 3588/1180/600 3590/1182/601 3589/1183/601 3587/1181/600
f 3590/1182/601 3592/1184/602 3591/1185/602 3589/1183/601
f 3592/1184/602 3594/1186/603 3593/1187/603 3591/1185/602
f 3594/1186/603 3596/1188/604 3595/1189/604 3593/1187/603
f 3596/1188/604 3598/1190/605 3597/1191/605 3595/1189/604
f 3598/1190/605 3600/1192/606 3599/1193/606 3597/1191/605
f 3600/1192/606 3602/1194/607 3601/1195/607 3599/1193/606
f 3602/1194/607 3604/1196/608 3603/1197/608 3601/1195/607
f 3604/1196/608 3606/1198/609 3605/1199/609 3603/1197/608
f 3606/1198/609 3608/1200/610 3607/1201/610 3605/1199/609
f 3608/1200/610 3610/1202/69 3609/1203/69 3607/1201/610
f 3610/1202/69 3612/1204/68 3611/1205/68 3609/1203/69
f 3612/1204/68 3614/1206/558 3613/1207/558 3611/1205/68
f 3614/1206/558 3616/1208/611 3615/1209/611 3613/1207/558
f 3616/1208/611 3618/1210/612 3617/1211/612 3615/1209/611
f 3618/1210/612 3620/1212/613 3619/1213/613 3617/1211/612
f 3620/1212/613 3622/1214/614 3621/1215/614 3619/1213/613
f 3622/1214/614 3624/1216/615 3623/1217/615 3621/1215/614
f 3624/1216/615 3626/1218/616 3625/1219/616 3623/1217/615
f 3626/1218/616 3628/1220/617 3627/1221/617 3625/1219/616
f 3628/1220/617 3630/1222/618 3629/1223/618 3627/1221/617
f 3630/1222/618 3632/1224/69 3631/1225/69 3629/1223/618
f 3632/1224/69 3634/1226/68 3633/1227/68 3631/1225/69
f 3634/1226/68 3636/1228/619 3635/1229/619 3633/1227/68
f 3636/1228/619 3638/1230/620 3637/1231/620 3635/1229/619
f 3638/1230/620 3640/1232/621 3639/1233/621 3637/1231/620
f 3640/1232/621 3642/1234/622 3641/1235/622 3639/1233/621
f 3642/1234/622 3644/1236/623 3643/1237/623 3641/1235/622
f 3644/1236/623 3646/1238/624 3645/1239/624 3643/1237/623
f 3646/1238/624 3648/1240/625 3647/1241/625 3645/1239/624
f 3648/1240/625 3650/1242/626 3649/1243/626 3647/1241/625
f 3650/1242/626 3652/1244/627 3651/1245/627 3649/1243/626
f 3652/1244/627 3654/1246/69 3653/1247/69 3651/1245/627
f 3654/1246/69 3656/1248/68 3655/1249/68 3653/1247/69
f 3656/1248/68 3658/1250/70 3657/1251/70 3655/1249/68
f 3658/1250/70 3660/1252/71 3659/1253/71 3657/1251/70
f 3660/1252/71 3576/721/594 3575/254/594 3659/1253/71
